wall,role,pid,rss_kb,pcpu
1783271984,SERVE,31694,58864,0.3
1783271984,GEN,31684,53984,0.0
1783271984,BROWSER,31707,11616,0.0
1783271984,LIVE,31698,92864,0.6
1783272044,SERVE,31694,58816,0.1
1783272044,GEN,31684,54064,0.0
1783272044,BROWSER,31707,146256,0.1
1783272044,LIVE,31698,90640,0.1
1783272044,CHROMIUM,31734,86976,0.0
1783272044,CHROMIUM,31735,155632,94.0
1783272044,CHROMIUM,31736,43296,0.0
1783272104,SERVE,31694,58864,0.1
1783272104,GEN,31684,54064,0.0
1783272104,BROWSER,31707,121712,0.1
1783272104,LIVE,31698,92112,0.1
1783272104,CHROMIUM,31734,87056,0.0
1783272104,CHROMIUM,31735,174416,97.8
1783272104,CHROMIUM,31736,43616,0.0
1783272164,SERVE,31694,61632,0.1
1783272164,GEN,31684,54096,0.0
1783272164,BROWSER,31707,121216,0.1
1783272164,LIVE,31698,92224,0.2
1783272164,CHROMIUM,31734,87392,0.0
1783272164,CHROMIUM,31735,160080,98.4
1783272164,CHROMIUM,31736,43808,0.0
1783272224,SERVE,31694,62288,0.1
1783272224,GEN,31684,54160,0.0
1783272224,BROWSER,31707,124208,0.1
1783272224,LIVE,31698,92224,0.2
1783272224,CHROMIUM,31734,87392,0.0
1783272224,CHROMIUM,31735,174688,103.3
1783272224,CHROMIUM,31736,43968,0.0
1783272284,SERVE,31694,62960,0.1
1783272284,GEN,31684,54240,0.0
1783272284,BROWSER,31707,124368,0.1
1783272284,LIVE,31698,92224,0.2
1783272284,CHROMIUM,31734,87424,0.0
1783272284,CHROMIUM,31735,174688,101.9
1783272284,CHROMIUM,31736,44176,0.0
1783272344,SERVE,31694,62480,0.1
1783272344,GEN,31684,54240,0.0
1783272344,BROWSER,31707,124432,0.1
1783272344,LIVE,31698,92256,0.1
1783272344,CHROMIUM,31734,87424,0.1
1783272344,CHROMIUM,31735,162832,102.2
1783272344,CHROMIUM,31736,44368,0.0
1783272404,SERVE,31694,62464,0.1
1783272404,GEN,31684,54240,0.0
1783272404,BROWSER,31707,124512,0.1
1783272404,LIVE,31698,86416,0.1
1783272404,CHROMIUM,31734,87424,0.0
1783272404,CHROMIUM,31735,163568,101.7
1783272404,CHROMIUM,31736,44608,0.0
1783272464,SERVE,31694,62816,0.1
1783272464,GEN,31684,54240,0.0
1783272464,BROWSER,31707,124512,0.1
1783272464,LIVE,31698,86432,0.1
1783272464,CHROMIUM,31734,87456,0.1
1783272464,CHROMIUM,31735,163472,103.1
1783272464,CHROMIUM,31736,44880,0.0
1783272524,SERVE,31694,62736,0.1
1783272524,GEN,31684,54240,0.0
1783272524,BROWSER,31707,124592,0.1
1783272524,LIVE,31698,86240,0.2
1783272524,CHROMIUM,31734,85456,0.1
1783272524,CHROMIUM,31735,162832,106.1
1783272524,CHROMIUM,31736,45168,0.0
1783272584,SERVE,31694,62528,0.1
1783272584,GEN,31684,54272,0.0
1783272584,BROWSER,31707,124800,0.1
1783272584,LIVE,31698,86352,0.2
1783272584,CHROMIUM,31734,85472,0.0
1783272584,CHROMIUM,31735,158000,106.4
1783272584,CHROMIUM,31736,45232,0.0
1783272644,SERVE,31694,62848,0.1
1783272644,GEN,31684,54320,0.0
1783272644,BROWSER,31707,124816,0.3
1783272644,LIVE,31698,86480,0.1
1783272644,CHROMIUM,31734,85488,0.1
1783272644,CHROMIUM,31735,176048,98.3
1783272644,CHROMIUM,31736,45232,0.0
1783272705,SERVE,31694,62576,0.1
1783272705,GEN,31684,54352,0.0
1783272705,BROWSER,31707,124816,0.3
1783272705,LIVE,31698,86128,0.1
1783272705,CHROMIUM,31734,85488,0.1
1783272705,CHROMIUM,31735,157904,99.0
1783272705,CHROMIUM,31736,45232,0.0
1783272765,SERVE,31694,63024,0.1
1783272765,GEN,31684,54384,0.0
1783272765,BROWSER,31707,124816,0.3
1783272765,LIVE,31698,86272,0.2
1783272765,CHROMIUM,31734,85488,0.1
1783272765,CHROMIUM,31735,163472,98.9
1783272765,CHROMIUM,31736,45232,0.0
1783272825,SERVE,31694,63344,0.1
1783272825,GEN,31684,54448,0.0
1783272825,BROWSER,31707,124848,0.2
1783272825,LIVE,31698,86512,0.1
1783272825,CHROMIUM,31734,85520,0.0
1783272825,CHROMIUM,31735,163568,97.4
1783272825,CHROMIUM,31736,45232,0.0
1783272885,SERVE,31694,63184,0.1
1783272885,GEN,31684,54480,0.0
1783272885,BROWSER,31707,124864,0.2
1783272885,LIVE,31698,86544,0.1
1783272885,CHROMIUM,31734,85472,0.1
1783272885,CHROMIUM,31735,176032,104.9
1783272885,CHROMIUM,31736,45232,0.0
1783272945,SERVE,31694,63424,0.1
1783272945,GEN,31684,54528,0.0
1783272945,BROWSER,31707,124880,0.2
1783272945,LIVE,31698,86608,0.1
1783272945,CHROMIUM,31734,85488,0.0
1783272945,CHROMIUM,31735,163568,103.0
1783272945,CHROMIUM,31736,45232,0.0
1783273005,SERVE,31694,63184,0.1
1783273005,GEN,31684,54576,0.0
1783273005,BROWSER,31707,124896,0.1
1783273005,LIVE,31698,86640,0.2
1783273005,CHROMIUM,31734,85488,0.0
1783273005,CHROMIUM,31735,163568,102.9
1783273005,CHROMIUM,31736,45232,0.0
1783273065,SERVE,31694,63376,0.1
1783273065,GEN,31684,54624,0.0
1783273065,BROWSER,31707,124896,0.1
1783273065,LIVE,31698,86688,0.2
1783273065,CHROMIUM,31734,85472,0.0
1783273065,CHROMIUM,31735,163568,100.7
1783273065,CHROMIUM,31736,45232,0.0
1783273125,SERVE,31694,63216,0.1
1783273125,GEN,31684,54656,0.0
1783273125,BROWSER,31707,124880,0.1
1783273125,LIVE,31698,86720,0.2
1783273125,CHROMIUM,31734,85488,0.0
1783273125,CHROMIUM,31735,157904,101.3
1783273125,CHROMIUM,31736,45232,0.0
1783273185,SERVE,31694,63344,0.1
1783273185,GEN,31684,54688,0.0
1783273185,BROWSER,31707,124896,0.1
1783273185,LIVE,31698,86768,0.2
1783273185,CHROMIUM,31734,85488,0.0
1783273185,CHROMIUM,31735,158336,99.8
1783273185,CHROMIUM,31736,45232,0.0
1783273245,SERVE,31694,63504,0.1
1783273245,GEN,31684,54736,0.0
1783273245,BROWSER,31707,124912,0.1
1783273245,LIVE,31698,86864,0.1
1783273245,CHROMIUM,31734,85472,0.0
1783273245,CHROMIUM,31735,176464,98.3
1783273245,CHROMIUM,31736,45232,0.0
1783273305,SERVE,31694,63344,0.1
1783273305,GEN,31684,54768,0.0
1783273305,BROWSER,31707,124912,0.1
1783273305,LIVE,31698,86560,0.1
1783273305,CHROMIUM,31734,85488,0.0
1783273305,CHROMIUM,31735,158336,97.0
1783273305,CHROMIUM,31736,45232,0.0
1783273365,SERVE,31694,63536,0.1
1783273365,GEN,31684,54800,0.0
1783273365,BROWSER,31707,124912,0.1
1783273365,LIVE,31698,86704,0.1
1783273365,CHROMIUM,31734,85488,0.0
1783273365,CHROMIUM,31735,158208,101.5
1783273365,CHROMIUM,31736,45232,0.0
1783273425,SERVE,31694,63408,0.1
1783273425,GEN,31684,54880,0.0
1783273425,BROWSER,31707,124912,0.1
1783273425,LIVE,31698,86752,0.1
1783273425,CHROMIUM,31734,85488,0.0
1783273425,CHROMIUM,31735,163872,98.3
1783273425,CHROMIUM,31736,45232,0.0
1783273485,SERVE,31694,63184,0.1
1783273485,GEN,31684,54864,0.0
1783273485,BROWSER,31707,124864,0.0
1783273485,LIVE,31698,86752,0.1
1783273485,CHROMIUM,31734,85408,0.0
1783273485,CHROMIUM,31735,158096,101.5
1783273485,CHROMIUM,31736,45168,0.0
1783273545,SERVE,31694,63360,0.1
1783273545,GEN,31684,54896,0.0
1783273545,BROWSER,31707,124896,0.1
1783273545,LIVE,31698,86800,0.1
1783273545,CHROMIUM,31734,85376,0.0
1783273545,CHROMIUM,31735,176224,102.7
1783273545,CHROMIUM,31736,45184,0.0
1783273605,SERVE,31694,63504,0.1
1783273605,GEN,31684,54944,0.0
1783273605,BROWSER,31707,124864,0.1
1783273605,LIVE,31698,86832,0.2
1783273605,CHROMIUM,31734,85392,0.0
1783273605,CHROMIUM,31735,158096,98.9
1783273605,CHROMIUM,31736,45184,0.0
1783273665,SERVE,31694,63360,0.1
1783273665,GEN,31684,54992,0.0
1783273665,BROWSER,31707,124896,0.0
1783273665,LIVE,31698,87072,0.1
1783273665,CHROMIUM,31734,85424,0.0
1783273665,CHROMIUM,31735,158544,101.5
1783273665,CHROMIUM,31736,45184,0.0
1783273726,SERVE,31694,63504,0.1
1783273726,GEN,31684,55024,0.0
1783273726,BROWSER,31707,124864,0.1
1783273726,LIVE,31698,86912,0.1
1783273726,CHROMIUM,31734,85424,0.0
1783273726,CHROMIUM,31735,159920,104.4
1783273726,CHROMIUM,31736,45184,0.0
1783273786,SERVE,31694,61904,0.1
1783273786,GEN,31684,52016,0.0
1783273786,BROWSER,31707,120752,0.1
1783273786,LIVE,31698,80912,0.2
1783273786,CHROMIUM,31734,79344,0.0
1783273786,CHROMIUM,31735,151728,99.1
1783273786,CHROMIUM,31736,43440,0.0
1783273846,SERVE,31694,62048,0.1
1783273846,GEN,31684,52064,0.0
1783273846,BROWSER,31707,120720,0.0
1783273846,LIVE,31698,80624,0.1
1783273846,CHROMIUM,31734,79296,0.0
1783273846,CHROMIUM,31735,151824,101.9
1783273846,CHROMIUM,31736,43440,0.0
1783273906,SERVE,31694,61872,0.1
1783273906,GEN,31684,52096,0.0
1783273906,BROWSER,31707,120736,0.1
1783273906,LIVE,31698,80768,0.1
1783273906,CHROMIUM,31734,79296,0.0
1783273906,CHROMIUM,31735,157088,98.6
1783273906,CHROMIUM,31736,43440,0.0
1783273966,SERVE,31694,61504,0.1
1783273966,GEN,31684,51712,0.0
1783273966,BROWSER,31707,120720,0.0
1783273966,LIVE,31698,80592,0.1
1783273966,CHROMIUM,31734,79280,0.0
1783273966,CHROMIUM,31735,155456,106.4
1783273966,CHROMIUM,31736,42736,0.0
1783274026,SERVE,31694,61328,0.1
1783274026,GEN,31684,51776,0.0
1783274026,BROWSER,31707,120688,0.0
1783274026,LIVE,31698,80864,0.1
1783274026,CHROMIUM,31734,79296,0.0
1783274026,CHROMIUM,31735,156288,102.7
1783274026,CHROMIUM,31736,42816,0.0
1783274086,SERVE,31694,49424,0.1
1783274086,GEN,31684,40960,0.0
1783274086,BROWSER,31707,79040,0.0
1783274086,LIVE,31698,56432,0.1
1783274086,CHROMIUM,31734,76608,0.0
1783274086,CHROMIUM,31735,132368,108.2
1783274086,CHROMIUM,31736,42000,0.0
1783274146,SERVE,31694,49248,0.1
1783274146,GEN,31684,41072,0.0
1783274146,BROWSER,31707,79056,0.0
1783274146,LIVE,31698,57392,0.1
1783274146,CHROMIUM,31734,76608,0.0
1783274146,CHROMIUM,31735,132464,104.8
1783274146,CHROMIUM,31736,42224,0.0
1783274206,SERVE,31694,49424,0.1
1783274206,GEN,31684,41104,0.0
1783274206,BROWSER,31707,79072,0.1
1783274206,LIVE,31698,56704,0.1
1783274206,CHROMIUM,31734,76672,0.0
1783274206,CHROMIUM,31735,137936,103.7
1783274206,CHROMIUM,31736,42512,0.0
1783274266,SERVE,31694,49264,0.1
1783274266,GEN,31684,41136,0.0
1783274266,BROWSER,31707,79040,0.1
1783274266,LIVE,31698,56864,0.1
1783274266,CHROMIUM,31734,76672,0.0
1783274266,CHROMIUM,31735,135968,106.0
1783274266,CHROMIUM,31736,42496,0.0
1783274326,SERVE,31694,49440,0.1
1783274326,GEN,31684,41200,0.0
1783274326,BROWSER,31707,78960,0.0
1783274326,LIVE,31698,56944,0.1
1783274326,CHROMIUM,31734,76688,0.0
1783274326,CHROMIUM,31735,141344,98.2
1783274326,CHROMIUM,31736,42640,0.0
1783274386,SERVE,31694,49296,0.1
1783274386,GEN,31684,41232,0.0
1783274386,BROWSER,31707,79136,0.1
1783274386,LIVE,31698,57152,0.1
1783274386,CHROMIUM,31734,76672,0.0
1783274386,CHROMIUM,31735,135776,106.7
1783274386,CHROMIUM,31736,42640,0.0
1783274446,SERVE,31694,49440,0.1
1783274446,GEN,31684,41248,0.0
1783274446,BROWSER,31707,79008,0.0
1783274446,LIVE,31698,57632,0.1
1783274446,CHROMIUM,31734,76688,0.0
1783274446,CHROMIUM,31735,153904,104.3
1783274446,CHROMIUM,31736,42640,0.0
1783274506,SERVE,31694,49312,0.1
1783274506,GEN,31684,42016,0.0
1783274506,BROWSER,31707,79264,0.0
1783274506,LIVE,31698,57456,0.1
1783274506,CHROMIUM,31734,76768,0.0
1783274506,CHROMIUM,31735,135760,97.8
1783274506,CHROMIUM,31736,42640,0.0
1783274566,SERVE,31694,49120,0.1
1783274566,GEN,31684,42048,0.0
1783274566,BROWSER,31707,79280,0.1
1783274566,LIVE,31698,57216,0.1
1783274566,CHROMIUM,31734,76720,0.0
1783274566,CHROMIUM,31735,166944,97.1
1783274566,CHROMIUM,31736,42640,0.0
1783274626,SERVE,31694,49344,0.1
1783274626,GEN,31684,41696,0.0
1783274626,BROWSER,31707,79312,0.1
1783274626,LIVE,31698,57632,0.1
1783274626,CHROMIUM,31734,76752,0.0
1783274626,CHROMIUM,31735,140944,105.8
1783274626,CHROMIUM,31736,42640,0.0
1783274686,SERVE,31694,49152,0.1
1783274686,GEN,31684,41744,0.0
1783274686,BROWSER,31707,79328,0.1
1783274686,LIVE,31698,57616,0.1
1783274686,CHROMIUM,31734,76784,0.0
1783274686,CHROMIUM,31735,135504,100.6
1783274686,CHROMIUM,31736,42640,0.0
1783274747,SERVE,31694,49360,0.1
1783274747,GEN,31684,42288,0.0
1783274747,BROWSER,31707,79856,0.1
1783274747,LIVE,31698,57376,0.1
1783274747,CHROMIUM,31734,77040,0.0
1783274747,CHROMIUM,31735,153792,102.7
1783274747,CHROMIUM,31736,42848,0.0
1783274807,SERVE,31694,49440,0.1
1783274807,GEN,31684,42432,0.0
1783274807,BROWSER,31707,79888,0.1
1783274807,LIVE,31698,57824,0.2
1783274807,CHROMIUM,31734,77024,0.0
1783274807,CHROMIUM,31735,141296,104.2
1783274807,CHROMIUM,31736,42864,0.0
1783274867,SERVE,31694,49392,0.1
1783274867,GEN,31684,42480,0.0
1783274867,BROWSER,31707,79904,0.0
1783274867,LIVE,31698,58016,0.1
1783274867,CHROMIUM,31734,77024,0.0
1783274867,CHROMIUM,31735,143456,101.8
1783274867,CHROMIUM,31736,42864,0.0
1783274927,SERVE,31694,49136,0.1
1783274927,GEN,31684,42528,0.0
1783274927,BROWSER,31707,79936,0.1
1783274927,LIVE,31698,58048,0.1
1783274927,CHROMIUM,31734,76992,0.0
1783274927,CHROMIUM,31735,137984,107.6
1783274927,CHROMIUM,31736,42864,0.0
1783274987,SERVE,31694,49392,0.1
1783274987,GEN,31684,42576,0.0
1783274987,BROWSER,31707,79984,0.1
1783274987,LIVE,31698,58304,0.1
1783274987,CHROMIUM,31734,76960,0.0
1783274987,CHROMIUM,31735,146800,102.6
1783274987,CHROMIUM,31736,42880,0.0
1783275047,SERVE,31694,49168,0.1
1783275047,GEN,31684,42592,0.0
1783275047,BROWSER,31707,80096,0.1
1783275047,LIVE,31698,58336,0.1
1783275047,CHROMIUM,31734,76960,0.0
1783275047,CHROMIUM,31735,165232,104.1
1783275047,CHROMIUM,31736,42880,0.0
1783275107,SERVE,31694,49344,0.1
1783275107,GEN,31684,42608,0.0
1783275107,BROWSER,31707,80176,0.1
1783275107,LIVE,31698,58336,0.1
1783275107,CHROMIUM,31734,76960,0.0
1783275107,CHROMIUM,31735,154832,99.2
1783275107,CHROMIUM,31736,42880,0.0
1783275167,SERVE,31694,49712,0.1
1783275167,GEN,31684,42608,0.0
1783275167,BROWSER,31707,80192,0.1
1783275167,LIVE,31698,58448,0.1
1783275167,CHROMIUM,31734,76960,0.0
1783275167,CHROMIUM,31735,136704,99.7
1783275167,CHROMIUM,31736,42880,0.0
1783275227,SERVE,31694,49328,0.1
1783275227,GEN,31684,43184,0.0
1783275227,BROWSER,31707,80192,0.0
1783275227,LIVE,31698,58496,0.1
1783275227,CHROMIUM,31734,76960,0.0
1783275227,CHROMIUM,31735,142416,102.3
1783275227,CHROMIUM,31736,42880,0.0
1783275287,SERVE,31694,47312,0.1
1783275287,GEN,31684,41360,0.0
1783275287,BROWSER,31707,60000,0.0
1783275287,LIVE,31698,56352,0.1
1783275287,CHROMIUM,31734,74640,0.0
1783275287,CHROMIUM,31735,166512,105.3
1783275287,CHROMIUM,31736,42160,0.0
1783275347,SERVE,31694,46992,0.1
1783275347,GEN,31684,41472,0.0
1783275347,BROWSER,31707,59344,0.0
1783275347,LIVE,31698,54800,0.1
1783275347,CHROMIUM,31734,74736,0.0
1783275347,CHROMIUM,31735,140400,100.3
1783275347,CHROMIUM,31736,41376,0.0
1783275407,SERVE,31694,47184,0.1
1783275407,GEN,31684,41504,0.0
1783275407,BROWSER,31707,59296,0.1
1783275407,LIVE,31698,55424,0.1
1783275407,CHROMIUM,31734,74752,0.0
1783275407,CHROMIUM,31735,134464,96.5
1783275407,CHROMIUM,31736,41664,0.0
1783275467,SERVE,31694,46928,0.1
1783275467,GEN,31684,41536,0.0
1783275467,BROWSER,31707,59808,0.1
1783275467,LIVE,31698,55824,0.1
1783275467,CHROMIUM,31734,74784,0.0
1783275467,CHROMIUM,31735,140032,102.1
1783275467,CHROMIUM,31736,41936,0.0
1783275527,SERVE,31694,47184,0.1
1783275527,GEN,31684,41568,0.0
1783275527,BROWSER,31707,59808,0.0
1783275527,LIVE,31698,55632,0.1
1783275527,CHROMIUM,31734,74784,0.0
1783275527,CHROMIUM,31735,133696,104.2
1783275527,CHROMIUM,31736,42160,0.0
1783275587,SERVE,31694,46912,0.1
1783275587,GEN,31684,41424,0.0
1783275587,BROWSER,31707,69504,0.1
1783275587,LIVE,31698,55472,0.1
1783275587,CHROMIUM,31734,77936,0.0
1783275587,CHROMIUM,31735,134496,99.1
1783275587,CHROMIUM,31736,42160,0.0
1783275647,SERVE,31694,47184,0.1
1783275647,GEN,31684,40928,0.0
1783275647,BROWSER,31707,68624,0.1
1783275647,LIVE,31698,55696,0.1
1783275647,CHROMIUM,31734,77888,0.0
1783275647,CHROMIUM,31735,140080,104.6
1783275647,CHROMIUM,31736,42192,0.0
1783275707,SERVE,31694,46880,0.1
1783275707,GEN,31684,40944,0.0
1783275707,BROWSER,31707,68624,0.1
1783275707,LIVE,31698,55456,0.1
1783275707,CHROMIUM,31734,77888,0.0
1783275707,CHROMIUM,31735,140064,103.7
1783275707,CHROMIUM,31736,42192,0.0
1783275768,SERVE,31694,47184,0.1
1783275768,GEN,31684,40976,0.0
1783275768,BROWSER,31707,68624,0.1
1783275768,LIVE,31698,55168,0.1
1783275768,CHROMIUM,31734,77888,0.0
1783275768,CHROMIUM,31735,134496,104.1
1783275768,CHROMIUM,31736,42192,0.0
1783275828,SERVE,31694,46928,0.1
1783275828,GEN,31684,41024,0.0
1783275828,BROWSER,31707,68624,0.1
1783275828,LIVE,31698,55568,0.1
1783275828,CHROMIUM,31734,77872,0.0
1783275828,CHROMIUM,31735,152304,100.8
1783275828,CHROMIUM,31736,42192,0.0
1783275888,SERVE,31694,47184,0.1
1783275888,GEN,31684,41056,0.0
1783275888,BROWSER,31707,68640,0.0
1783275888,LIVE,31698,55536,0.1
1783275888,CHROMIUM,31734,77888,0.0
1783275888,CHROMIUM,31735,134176,101.1
1783275888,CHROMIUM,31736,42192,0.0
1783275948,SERVE,31694,46928,0.1
1783275948,GEN,31684,41056,0.0
1783275948,BROWSER,31707,64448,0.1
1783275948,LIVE,31698,55984,0.1
1783275948,CHROMIUM,31734,75536,0.0
1783275948,CHROMIUM,31735,155264,103.4
1783275948,CHROMIUM,31736,42192,0.0
1783276008,SERVE,31694,47216,0.1
1783276008,GEN,31684,41168,0.0
1783276008,BROWSER,31707,64528,0.0
1783276008,LIVE,31698,55792,0.1
1783276008,CHROMIUM,31734,75728,0.0
1783276008,CHROMIUM,31735,165488,96.3
1783276008,CHROMIUM,31736,42224,0.0
1783276068,SERVE,31694,47024,0.1
1783276068,GEN,31684,41248,0.0
1783276068,BROWSER,31707,64512,0.1
1783276068,LIVE,31698,55728,0.1
1783276068,CHROMIUM,31734,75728,0.0
1783276068,CHROMIUM,31735,139680,99.0
1783276068,CHROMIUM,31736,42224,0.0
1783276128,SERVE,31694,47216,0.0
1783276128,GEN,31684,41280,0.0
1783276128,BROWSER,31707,64592,0.0
1783276128,LIVE,31698,56016,0.1
1783276128,CHROMIUM,31734,75728,0.0
1783276128,CHROMIUM,31735,152240,101.4
1783276128,CHROMIUM,31736,42224,0.0
1783276188,SERVE,31694,47040,0.1
1783276188,GEN,31684,41344,0.0
1783276188,BROWSER,31707,64592,0.1
1783276188,LIVE,31698,55888,0.1
1783276188,CHROMIUM,31734,75728,0.0
1783276188,CHROMIUM,31735,139680,100.9
1783276188,CHROMIUM,31736,42224,0.0
1783276248,SERVE,31694,47216,0.1
1783276248,GEN,31684,41392,0.0
1783276248,BROWSER,31707,64624,0.0
1783276248,LIVE,31698,55664,0.1
1783276248,CHROMIUM,31734,75728,0.0
1783276248,CHROMIUM,31735,161744,102.6
1783276248,CHROMIUM,31736,42224,0.0
1783276308,SERVE,31694,47040,0.1
1783276308,GEN,31684,41440,0.0
1783276308,BROWSER,31707,64624,0.0
1783276308,LIVE,31698,56224,0.1
1783276308,CHROMIUM,31734,75712,0.0
1783276308,CHROMIUM,31735,152240,100.7
1783276308,CHROMIUM,31736,42224,0.0
1783276368,SERVE,31694,47216,0.1
1783276368,GEN,31684,41520,0.0
1783276368,BROWSER,31707,64640,0.1
1783276368,LIVE,31698,56192,0.1
1783276368,CHROMIUM,31734,75712,0.0
1783276368,CHROMIUM,31735,162128,95.9
1783276368,CHROMIUM,31736,42224,0.0
1783276428,SERVE,31694,47056,0.1
1783276428,GEN,31684,41600,0.0
1783276428,BROWSER,31707,64640,0.1
1783276428,LIVE,31698,56448,0.1
1783276428,CHROMIUM,31734,75728,0.0
1783276428,CHROMIUM,31735,151856,95.2
1783276428,CHROMIUM,31736,42224,0.0
1783276488,SERVE,31694,47216,0.1
1783276488,GEN,31684,41920,0.0
1783276488,BROWSER,31707,64640,0.0
1783276488,LIVE,31698,56256,0.1
1783276488,CHROMIUM,31734,75728,0.0
1783276488,CHROMIUM,31735,133728,99.5
1783276488,CHROMIUM,31736,42224,0.0
1783276548,SERVE,31694,47088,0.1
1783276548,GEN,31684,41936,0.0
1783276548,BROWSER,31707,64656,0.0
1783276548,LIVE,31698,56528,0.1
1783276548,CHROMIUM,31734,75728,0.0
1783276548,CHROMIUM,31735,132832,98.6
1783276548,CHROMIUM,31736,42224,0.0
1783276608,SERVE,31694,47216,0.0
1783276608,GEN,31684,41968,0.0
1783276608,BROWSER,31707,64688,0.0
1783276608,LIVE,31698,56352,0.1
1783276608,CHROMIUM,31734,75728,0.0
1783276608,CHROMIUM,31735,132832,103.6
1783276608,CHROMIUM,31736,42224,0.0
1783276668,SERVE,31694,47104,0.1
1783276668,GEN,31684,42000,0.0
1783276668,BROWSER,31707,64736,0.0
1783276668,LIVE,31698,56080,0.1
1783276668,CHROMIUM,31734,75712,0.0
1783276668,CHROMIUM,31735,132832,98.7
1783276668,CHROMIUM,31736,42224,0.0
1783276728,SERVE,31694,46896,0.1
1783276728,GEN,31684,42032,0.0
1783276728,BROWSER,31707,64752,0.1
1783276728,LIVE,31698,56416,0.1
1783276728,CHROMIUM,31734,75728,0.0
1783276728,CHROMIUM,31735,132832,97.3
1783276728,CHROMIUM,31736,42224,0.0
1783276788,SERVE,31694,47168,0.1
1783276788,GEN,31684,42064,0.0
1783276788,BROWSER,31707,64784,0.1
1783276788,LIVE,31698,56192,0.1
1783276788,CHROMIUM,31734,75728,0.0
1783276788,CHROMIUM,31735,150960,102.8
1783276788,CHROMIUM,31736,42224,0.0
1783276849,SERVE,31694,46912,0.1
1783276849,GEN,31684,42096,0.0
1783276849,BROWSER,31707,64816,0.0
1783276849,LIVE,31698,56544,0.1
1783276849,CHROMIUM,31734,75728,0.0
1783276849,CHROMIUM,31735,138400,99.2
1783276849,CHROMIUM,31736,42224,0.0
1783276909,SERVE,31694,48192,0.1
1783276909,GEN,31684,42128,0.0
1783276909,BROWSER,31707,64832,0.0
1783276909,LIVE,31698,56432,0.1
1783276909,CHROMIUM,31734,75728,0.0
1783276909,CHROMIUM,31735,138400,103.5
1783276909,CHROMIUM,31736,42224,0.0
1783276969,SERVE,31694,48240,0.0
1783276969,GEN,31684,42160,0.0
1783276969,BROWSER,31707,64848,0.0
1783276969,LIVE,31698,56720,0.1
1783276969,CHROMIUM,31734,75728,0.0
1783276969,CHROMIUM,31735,138400,104.1
1783276969,CHROMIUM,31736,42224,0.0
1783277029,SERVE,31694,48160,0.1
1783277029,GEN,31684,42224,0.0
1783277029,BROWSER,31707,64864,0.1
1783277029,LIVE,31698,56656,0.2
1783277029,CHROMIUM,31734,75712,0.0
1783277029,CHROMIUM,31735,139168,96.0
1783277029,CHROMIUM,31736,42224,0.0
1783277089,SERVE,31694,47952,0.1
1783277089,GEN,31684,42256,0.0
1783277089,BROWSER,31707,65184,0.0
1783277089,LIVE,31698,56912,0.1
1783277089,CHROMIUM,31734,75728,0.0
1783277089,CHROMIUM,31735,133600,101.9
1783277089,CHROMIUM,31736,42224,0.0
1783277149,SERVE,31694,48144,0.1
1783277149,GEN,31684,42304,0.0
1783277149,BROWSER,31707,65264,0.1
1783277149,LIVE,31698,56960,0.1
1783277149,CHROMIUM,31734,75728,0.0
1783277149,CHROMIUM,31735,139168,103.0
1783277149,CHROMIUM,31736,42224,0.0
1783277209,SERVE,31694,47920,0.1
1783277209,GEN,31684,42336,0.0
1783277209,BROWSER,31707,65312,0.0
1783277209,LIVE,31698,56896,0.1
1783277209,CHROMIUM,31734,75728,0.0
1783277209,CHROMIUM,31735,151728,97.1
1783277209,CHROMIUM,31736,42224,0.0
1783277269,SERVE,31694,48112,0.1
1783277269,GEN,31684,42384,0.0
1783277269,BROWSER,31707,65328,0.0
1783277269,LIVE,31698,57216,0.1
1783277269,CHROMIUM,31734,75776,0.0
1783277269,CHROMIUM,31735,170048,100.2
1783277269,CHROMIUM,31736,42224,0.0
1783277329,SERVE,31694,47936,0.1
1783277329,GEN,31684,42416,0.0
1783277329,BROWSER,31707,65344,0.1
1783277329,LIVE,31698,57072,0.1
1783277329,CHROMIUM,31734,75776,0.0
1783277329,CHROMIUM,31735,133856,102.4
1783277329,CHROMIUM,31736,42224,0.0
1783277389,SERVE,31694,48128,0.1
1783277389,GEN,31684,42464,0.0
1783277389,BROWSER,31707,65344,0.0
1783277389,LIVE,31698,57296,0.1
1783277389,CHROMIUM,31734,75728,0.0
1783277389,CHROMIUM,31735,151984,100.0
1783277389,CHROMIUM,31736,42224,0.0
1783277449,SERVE,31694,48256,0.1
1783277449,GEN,31684,42496,0.0
1783277449,BROWSER,31707,65376,0.0
1783277449,LIVE,31698,57136,0.1
1783277449,CHROMIUM,31734,75776,0.0
1783277449,CHROMIUM,31735,151984,98.5
1783277449,CHROMIUM,31736,42240,0.0
1783277509,SERVE,31694,48096,0.1
1783277509,GEN,31684,42528,0.0
1783277509,BROWSER,31707,65392,0.0
1783277509,LIVE,31698,57072,0.1
1783277509,CHROMIUM,31734,75776,0.0
1783277509,CHROMIUM,31735,151984,96.5
1783277509,CHROMIUM,31736,42240,0.0
1783277569,SERVE,31694,48256,0.1
1783277569,GEN,31684,42592,0.0
1783277569,BROWSER,31707,65408,0.0
1783277569,LIVE,31698,57456,0.1
1783277569,CHROMIUM,31734,75776,0.0
1783277569,CHROMIUM,31735,140064,100.9
1783277569,CHROMIUM,31736,42240,0.0
1783277629,SERVE,31694,48304,0.1
1783277629,GEN,31684,42688,0.0
1783277629,BROWSER,31707,65472,0.0
1783277629,LIVE,31698,57312,0.1
1783277629,CHROMIUM,31734,75776,0.0
1783277629,CHROMIUM,31735,139552,96.6
1783277629,CHROMIUM,31736,42240,0.0
1783277689,SERVE,31694,48256,0.1
1783277689,GEN,31684,42720,0.0
1783277689,BROWSER,31707,65488,0.1
1783277689,LIVE,31698,57024,0.1
1783277689,CHROMIUM,31734,75776,0.0
1783277689,CHROMIUM,31735,152112,100.9
1783277689,CHROMIUM,31736,42240,0.0
1783277749,SERVE,31694,47968,0.1
1783277749,GEN,31684,41968,0.0
1783277749,BROWSER,31707,65520,0.0
1783277749,LIVE,31698,57312,0.1
1783277749,CHROMIUM,31734,75744,0.0
1783277749,CHROMIUM,31735,133984,97.5
1783277749,CHROMIUM,31736,42224,0.0
1783277809,SERVE,31694,48256,0.1
1783277809,GEN,31684,41968,0.0
1783277809,BROWSER,31707,65520,0.1
1783277809,LIVE,31698,57168,0.2
1783277809,CHROMIUM,31734,75760,0.0
1783277809,CHROMIUM,31735,139296,100.6
1783277809,CHROMIUM,31736,42224,0.0
1783277869,SERVE,31694,47936,0.1
1783277869,GEN,31684,41968,0.0
1783277869,BROWSER,31707,65600,0.0
1783277869,LIVE,31698,57536,0.1
1783277869,CHROMIUM,31734,75760,0.0
1783277869,CHROMIUM,31735,151856,99.0
1783277869,CHROMIUM,31736,42224,0.0
1783277930,SERVE,31694,48256,0.1
1783277930,GEN,31684,41968,0.0
1783277930,BROWSER,31707,65600,0.1
1783277930,LIVE,31698,57552,0.1
1783277930,CHROMIUM,31734,75760,0.0
1783277930,CHROMIUM,31735,151856,101.7
1783277930,CHROMIUM,31736,42224,0.0
1783277990,SERVE,31694,47936,0.1
1783277990,GEN,31684,42000,0.0
1783277990,BROWSER,31707,65664,0.0
1783277990,LIVE,31698,57952,0.1
1783277990,CHROMIUM,31734,75760,0.0
1783277990,CHROMIUM,31735,139296,97.1
1783277990,CHROMIUM,31736,42224,0.0
1783278050,SERVE,31694,49040,0.1
1783278050,GEN,31684,42016,0.0
1783278050,BROWSER,31707,65680,0.0
1783278050,LIVE,31698,57728,0.1
1783278050,CHROMIUM,31734,75760,0.0
1783278050,CHROMIUM,31735,139296,101.9
1783278050,CHROMIUM,31736,42240,0.0
1783278110,SERVE,31694,47952,0.1
1783278110,GEN,31684,42016,0.0
1783278110,BROWSER,31707,65696,0.0
1783278110,LIVE,31698,57664,0.1
1783278110,CHROMIUM,31734,75760,0.0
1783278110,CHROMIUM,31735,139296,103.9
1783278110,CHROMIUM,31736,42224,0.0
1783278170,SERVE,31694,48176,0.1
1783278170,GEN,31684,45408,0.0
1783278170,BROWSER,31707,65696,0.0
1783278170,LIVE,31698,57984,0.1
1783278170,CHROMIUM,31734,75776,0.0
1783278170,CHROMIUM,31735,143200,100.0
1783278170,CHROMIUM,31736,42224,0.0
1783278230,SERVE,31694,47952,0.1
1783278230,GEN,31684,45408,0.0
1783278230,BROWSER,31707,65696,0.0
1783278230,LIVE,31698,57872,0.1
1783278230,CHROMIUM,31734,75776,0.0
1783278230,CHROMIUM,31735,133728,97.4
1783278230,CHROMIUM,31736,42224,0.0
1783278290,SERVE,31694,48128,0.1
1783278290,GEN,31684,45408,0.0
1783278290,BROWSER,31707,65664,0.1
1783278290,LIVE,31698,58096,0.2
1783278290,CHROMIUM,31734,75776,0.0
1783278290,CHROMIUM,31735,139296,99.9
1783278290,CHROMIUM,31736,42224,0.0
1783278350,SERVE,31694,48288,0.1
1783278350,GEN,31684,45440,0.0
1783278350,BROWSER,31707,65712,0.1
1783278350,LIVE,31698,57888,0.1
1783278350,CHROMIUM,31734,75776,0.0
1783278350,CHROMIUM,31735,151856,100.2
1783278350,CHROMIUM,31736,42224,0.0
1783278410,SERVE,31694,48016,0.1
1783278410,GEN,31684,45440,0.0
1783278410,BROWSER,31707,65728,0.0
1783278410,LIVE,31698,57616,0.1
1783278410,CHROMIUM,31734,75760,0.0
1783278410,CHROMIUM,31735,139296,100.0
1783278410,CHROMIUM,31736,42224,0.0
1783278470,SERVE,31694,48288,0.1
1783278470,GEN,31684,45440,0.0
1783278470,BROWSER,31707,65776,0.0
1783278470,LIVE,31698,58000,0.1
1783278470,CHROMIUM,31734,75776,0.0
1783278470,CHROMIUM,31735,151856,101.9
1783278470,CHROMIUM,31736,42224,0.0
1783278530,SERVE,31694,48000,0.1
1783278530,GEN,31684,45440,0.0
1783278530,BROWSER,31707,65744,0.0
1783278530,LIVE,31698,57952,0.1
1783278530,CHROMIUM,31734,75776,0.0
1783278530,CHROMIUM,31735,139296,98.6
1783278530,CHROMIUM,31736,42224,0.0
1783278590,SERVE,31694,48288,0.1
1783278590,GEN,31684,45440,0.0
1783278590,BROWSER,31707,65792,0.0
1783278590,LIVE,31698,58288,0.1
1783278590,CHROMIUM,31734,75776,0.0
1783278590,CHROMIUM,31735,139296,100.3
1783278590,CHROMIUM,31736,42224,0.0
1783278650,SERVE,31694,47968,0.1
1783278650,GEN,31684,45440,0.0
1783278650,BROWSER,31707,65808,0.0
1783278650,LIVE,31698,58144,0.1
1783278650,CHROMIUM,31734,75776,0.0
1783278650,CHROMIUM,31735,133728,104.1
1783278650,CHROMIUM,31736,42224,0.0
1783278710,SERVE,31694,48256,0.1
1783278710,GEN,31684,45456,0.0
1783278710,BROWSER,31707,65904,0.0
1783278710,LIVE,31698,58400,0.1
1783278710,CHROMIUM,31734,75760,0.0
1783278710,CHROMIUM,31735,139296,99.7
1783278710,CHROMIUM,31736,42224,0.0
1783278770,SERVE,31694,48000,0.0
1783278770,GEN,31684,45456,0.0
1783278770,BROWSER,31707,65920,0.0
1783278770,LIVE,31698,58208,0.1
1783278770,CHROMIUM,31734,75776,0.0
1783278770,CHROMIUM,31735,151856,97.5
1783278770,CHROMIUM,31736,42224,0.0
1783278830,SERVE,31694,48240,0.1
1783278830,GEN,31684,45456,0.0
1783278830,BROWSER,31707,65952,0.0
1783278830,LIVE,31698,58096,0.1
1783278830,CHROMIUM,31734,75776,0.0
1783278830,CHROMIUM,31735,139296,98.5
1783278830,CHROMIUM,31736,42224,0.0
1783278890,SERVE,31694,48000,0.0
1783278890,GEN,31684,45456,0.0
1783278890,BROWSER,31707,65952,0.0
1783278890,LIVE,31698,58464,0.1
1783278890,CHROMIUM,31734,75792,0.0
1783278890,CHROMIUM,31735,133728,94.1
1783278890,CHROMIUM,31736,42224,0.0
1783278950,SERVE,31694,48192,0.1
1783278950,GEN,31684,44720,0.0
1783278950,BROWSER,31707,65968,0.0
1783278950,LIVE,31698,58320,0.1
1783278950,CHROMIUM,31734,75792,0.0
1783278950,CHROMIUM,31735,151856,98.7
1783278950,CHROMIUM,31736,42224,0.0
1783279011,SERVE,31694,48320,0.1
1783279011,GEN,31684,44736,0.0
1783279011,BROWSER,31707,65984,0.1
1783279011,LIVE,31698,58080,0.1
1783279011,CHROMIUM,31734,75792,0.0
1783279011,CHROMIUM,31735,139296,98.8
1783279011,CHROMIUM,31736,42224,0.0
1783279071,SERVE,31694,48144,0.1
1783279071,GEN,31684,44768,0.0
1783279071,BROWSER,31707,66032,0.0
1783279071,LIVE,31698,58448,0.1
1783279071,CHROMIUM,31734,75776,0.0
1783279071,CHROMIUM,31735,139296,100.0
1783279071,CHROMIUM,31736,42224,0.0
1783279131,SERVE,31694,48320,0.1
1783279131,GEN,31684,44816,0.0
1783279131,BROWSER,31707,66128,0.0
1783279131,LIVE,31698,58432,0.1
1783279131,CHROMIUM,31734,75792,0.0
1783279131,CHROMIUM,31735,134384,104.2
1783279131,CHROMIUM,31736,42224,0.0
1783279191,SERVE,31694,48064,0.1
1783279191,GEN,31684,44848,0.0
1783279191,BROWSER,31707,70096,0.0
1783279191,LIVE,31698,58704,0.1
1783279191,CHROMIUM,31734,78128,0.0
1783279191,CHROMIUM,31735,139376,102.2
1783279191,CHROMIUM,31736,42224,0.0
1783279251,SERVE,31694,48320,0.1
1783279251,GEN,31684,44896,0.0
1783279251,BROWSER,31707,70128,0.0
1783279251,LIVE,31698,58496,0.1
1783279251,CHROMIUM,31734,78096,0.0
1783279251,CHROMIUM,31735,133808,98.9
1783279251,CHROMIUM,31736,42224,0.0
1783279311,SERVE,31694,47952,0.1
1783279311,GEN,31684,44688,0.0
1783279311,BROWSER,31707,69760,0.0
1783279311,LIVE,31698,57808,0.1
1783279311,CHROMIUM,31734,78272,0.0
1783279311,CHROMIUM,31735,161392,102.1
1783279311,CHROMIUM,31736,42192,0.0
1783279371,SERVE,31694,48288,0.1
1783279371,GEN,31684,44464,0.0
1783279371,BROWSER,31707,65856,0.1
1783279371,LIVE,31698,57568,0.1
1783279371,CHROMIUM,31734,75904,0.0
1783279371,CHROMIUM,31735,130880,99.1
1783279371,CHROMIUM,31736,42192,0.0
1783279431,SERVE,31694,47968,0.1
1783279431,GEN,31684,44512,0.0
1783279431,BROWSER,31707,65760,0.1
1783279431,LIVE,31698,57072,0.1
1783279431,CHROMIUM,31734,75904,0.0
1783279431,CHROMIUM,31735,148992,104.9
1783279431,CHROMIUM,31736,42192,0.0
1783279491,SERVE,31694,48400,0.1
1783279491,GEN,31684,44544,0.0
1783279491,BROWSER,31707,65744,0.0
1783279491,LIVE,31698,57312,0.1
1783279491,CHROMIUM,31734,75952,0.0
1783279491,CHROMIUM,31735,149008,97.7
1783279491,CHROMIUM,31736,42192,0.0
1783279551,SERVE,31694,48016,0.1
1783279551,GEN,31684,44576,0.0
1783279551,BROWSER,31707,65824,0.1
1783279551,LIVE,31698,57296,0.1
1783279551,CHROMIUM,31734,75904,0.0
1783279551,CHROMIUM,31735,150144,99.4
1783279551,CHROMIUM,31736,42192,0.0
1783279611,SERVE,31694,48384,0.1
1783279611,GEN,31684,44624,0.0
1783279611,BROWSER,31707,65792,0.0
1783279611,LIVE,31698,57392,0.1
1783279611,CHROMIUM,31734,75920,0.0
1783279611,CHROMIUM,31735,135376,100.2
1783279611,CHROMIUM,31736,42192,0.0
1783279671,SERVE,31694,47920,0.1
1783279671,GEN,31684,44704,0.0
1783279671,BROWSER,31707,65648,0.1
1783279671,LIVE,31698,57600,0.1
1783279671,CHROMIUM,31734,75872,0.0
1783279671,CHROMIUM,31735,140208,103.0
1783279671,CHROMIUM,31736,42192,0.0
1783279731,SERVE,31694,48272,0.0
1783279731,GEN,31684,44624,0.0
1783279731,BROWSER,31707,65648,0.0
1783279731,LIVE,31698,57376,0.1
1783279731,CHROMIUM,31734,75904,0.0
1783279731,CHROMIUM,31735,152736,96.6
1783279731,CHROMIUM,31736,42192,0.0
1783279791,SERVE,31694,48400,0.1
1783279791,GEN,31684,44672,0.0
1783279791,BROWSER,31707,65648,0.0
1783279791,LIVE,31698,57280,0.1
1783279791,CHROMIUM,31734,75920,0.0
1783279791,CHROMIUM,31735,152640,99.7
1783279791,CHROMIUM,31736,42224,0.0
1783279851,SERVE,31694,48208,0.1
1783279851,GEN,31684,44704,0.0
1783279851,BROWSER,31707,65648,0.0
1783279851,LIVE,31698,57440,0.1
1783279851,CHROMIUM,31734,75952,0.0
1783279851,CHROMIUM,31735,140064,102.0
1783279851,CHROMIUM,31736,42192,0.0
1783279911,SERVE,31694,48400,0.1
1783279911,GEN,31684,44736,0.0
1783279911,BROWSER,31707,65664,0.0
1783279911,LIVE,31698,57760,0.1
1783279911,CHROMIUM,31734,75920,0.0
1783279911,CHROMIUM,31735,134496,94.7
1783279911,CHROMIUM,31736,42192,0.0
1783279971,SERVE,31694,48080,0.1
1783279971,GEN,31684,44768,0.0
1783279971,BROWSER,31707,65680,0.0
1783279971,LIVE,31698,57600,0.1
1783279971,CHROMIUM,31734,75920,0.0
1783279971,CHROMIUM,31735,152624,113.8
1783279971,CHROMIUM,31736,42192,0.0
1783280031,SERVE,31694,48400,0.1
1783280031,GEN,31684,44832,0.0
1783280031,BROWSER,31707,65696,0.1
1783280031,LIVE,31698,57344,0.2
1783280031,CHROMIUM,31734,75920,0.1
1783280031,CHROMIUM,31735,134640,100.4
1783280031,CHROMIUM,31736,42192,0.0
1783280091,SERVE,31694,48000,0.1
1783280091,GEN,31684,44336,0.0
1783280091,BROWSER,31707,65712,0.0
1783280091,LIVE,31698,57728,0.1
1783280091,CHROMIUM,31734,75920,0.0
1783280091,CHROMIUM,31735,140208,100.2
1783280091,CHROMIUM,31736,42192,0.0
1783280152,SERVE,31694,48368,0.1
1783280152,GEN,31684,44384,0.0
1783280152,BROWSER,31707,65728,0.0
1783280152,LIVE,31698,57712,0.1
1783280152,CHROMIUM,31734,75920,0.1
1783280152,CHROMIUM,31735,152864,101.5
1783280152,CHROMIUM,31736,42192,0.0
1783280212,SERVE,31694,47904,0.1
1783280212,GEN,31684,45280,0.0
1783280212,BROWSER,31707,65696,0.1
1783280212,LIVE,31698,57840,0.1
1783280212,CHROMIUM,31734,75936,0.0
1783280212,CHROMIUM,31735,162272,95.9
1783280212,CHROMIUM,31736,42192,0.0
1783280272,SERVE,31694,48288,0.1
1783280272,GEN,31684,45344,0.0
1783280272,BROWSER,31707,70512,0.0
1783280272,LIVE,31698,58096,0.1
1783280272,CHROMIUM,31734,75936,0.0
1783280272,CHROMIUM,31735,152864,95.1
1783280272,CHROMIUM,31736,42192,0.0
1783280332,SERVE,31694,48416,0.1
1783280332,GEN,31684,45584,0.0
1783280332,BROWSER,31707,70512,0.0
1783280332,LIVE,31698,57936,0.1
1783280332,CHROMIUM,31734,75936,0.0
1783280332,CHROMIUM,31735,140208,100.0
1783280332,CHROMIUM,31736,42192,0.0
1783280392,SERVE,31694,48160,0.1
1783280392,GEN,31684,45664,0.0
1783280392,BROWSER,31707,70512,0.0
1783280392,LIVE,31698,57792,0.1
1783280392,CHROMIUM,31734,75984,0.0
1783280392,CHROMIUM,31735,140304,101.1
1783280392,CHROMIUM,31736,42208,0.0
1783280452,SERVE,31694,48416,0.1
1783280452,GEN,31684,45712,0.0
1783280452,BROWSER,31707,70496,0.1
1783280452,LIVE,31698,58224,0.1
1783280452,CHROMIUM,31734,75984,0.0
1783280452,CHROMIUM,31735,134640,96.9
1783280452,CHROMIUM,31736,42208,0.0
1783280512,SERVE,31694,48048,0.1
1783280512,GEN,31684,45744,0.0
1783280512,BROWSER,31707,70544,0.1
1783280512,LIVE,31698,58096,0.1
1783280512,CHROMIUM,31734,75984,0.0
1783280512,CHROMIUM,31735,140208,101.8
1783280512,CHROMIUM,31736,42208,0.0
1783280572,SERVE,31694,48400,0.1
1783280572,GEN,31684,45776,0.0
1783280572,BROWSER,31707,70576,0.1
1783280572,LIVE,31698,58384,0.1
1783280572,CHROMIUM,31734,75984,0.0
1783280572,CHROMIUM,31735,134640,96.6
1783280572,CHROMIUM,31736,42208,0.0
1783280632,SERVE,31694,48000,0.1
1783280632,GEN,31684,45872,0.0
1783280632,BROWSER,31707,70592,0.1
1783280632,LIVE,31698,58240,0.1
1783280632,CHROMIUM,31734,75984,0.0
1783280632,CHROMIUM,31735,140304,101.2
1783280632,CHROMIUM,31736,42208,0.0
1783280692,SERVE,31694,48352,0.1
1783280692,GEN,31684,45904,0.0
1783280692,BROWSER,31707,70592,0.1
1783280692,LIVE,31698,58112,0.2
1783280692,CHROMIUM,31734,75984,0.0
1783280692,CHROMIUM,31735,144128,96.9
1783280692,CHROMIUM,31736,42208,0.0
1783280752,SERVE,31694,47888,0.1
1783280752,GEN,31684,45936,0.0
1783280752,BROWSER,31707,70592,0.0
1783280752,LIVE,31698,58464,0.1
1783280752,CHROMIUM,31734,75984,0.0
1783280752,CHROMIUM,31735,136912,94.9
1783280752,CHROMIUM,31736,42208,0.0
1783280812,SERVE,31694,48272,0.1
1783280812,GEN,31684,45968,0.0
1783280812,BROWSER,31707,70624,0.0
1783280812,LIVE,31698,58352,0.1
1783280812,CHROMIUM,31734,75968,0.0
1783280812,CHROMIUM,31735,140304,100.1
1783280812,CHROMIUM,31736,42208,0.0
1783280872,SERVE,31694,48416,0.1
1783280872,GEN,31684,47184,0.0
1783280872,BROWSER,31707,70624,0.0
1783280872,LIVE,31698,58096,0.1
1783280872,CHROMIUM,31734,76080,0.0
1783280872,CHROMIUM,31735,140208,100.4
1783280872,CHROMIUM,31736,42208,0.0
1783280932,SERVE,31694,48224,0.1
1783280932,GEN,31684,47216,0.0
1783280932,BROWSER,31707,70624,0.1
1783280932,LIVE,31698,58432,0.1
1783280932,CHROMIUM,31734,76080,0.0
1783280932,CHROMIUM,31735,140208,102.7
1783280932,CHROMIUM,31736,42208,0.0
1783280992,SERVE,31694,48416,0.1
1783280992,GEN,31684,47264,0.0
1783280992,BROWSER,31707,70640,0.0
1783280992,LIVE,31698,58416,0.1
1783280992,CHROMIUM,31734,76080,0.0
1783280992,CHROMIUM,31735,152768,96.5
1783280992,CHROMIUM,31736,42208,0.0
1783281052,SERVE,31694,48128,0.1
1783281052,GEN,31684,47312,0.0
1783281052,BROWSER,31707,70640,0.0
1783281052,LIVE,31698,58816,0.1
1783281052,CHROMIUM,31734,76080,0.0
1783281052,CHROMIUM,31735,162272,101.8
1783281052,CHROMIUM,31736,42208,0.0
1783281112,SERVE,31694,48416,0.1
1783281112,GEN,31684,47344,0.0
1783281112,BROWSER,31707,70640,0.1
1783281112,LIVE,31698,58640,0.1
1783281112,CHROMIUM,31734,76080,0.0
1783281112,CHROMIUM,31735,135104,101.9
1783281112,CHROMIUM,31736,42224,0.0
1783281172,SERVE,31694,48096,0.1
1783281172,GEN,31684,47392,0.0
1783281172,BROWSER,31707,70656,0.0
1783281172,LIVE,31698,58928,0.1
1783281172,CHROMIUM,31734,76080,0.0
1783281172,CHROMIUM,31735,156128,99.5
1783281172,CHROMIUM,31736,42208,0.0
1783281232,SERVE,31694,48416,0.1
1783281232,GEN,31684,47440,0.0
1783281232,BROWSER,31707,70736,0.0
1783281232,LIVE,31698,58736,0.1
1783281232,CHROMIUM,31734,76080,0.0
1783281232,CHROMIUM,31735,134384,99.1
1783281232,CHROMIUM,31736,42208,0.0
1783281293,SERVE,31694,48016,0.1
1783281293,GEN,31684,47552,0.0
1783281293,BROWSER,31707,70752,0.0
1783281293,LIVE,31698,58992,0.1
1783281293,CHROMIUM,31734,76080,0.0
1783281293,CHROMIUM,31735,152000,99.7
1783281293,CHROMIUM,31736,42208,0.0
1783281352,SERVE,31694,48400,0.1
1783281352,GEN,31684,46752,0.0
1783281352,BROWSER,31707,70768,0.0
1783281352,LIVE,31698,58816,0.1
1783281352,CHROMIUM,31734,76080,0.0
1783281352,CHROMIUM,31735,133360,102.8
1783281352,CHROMIUM,31736,42208,0.0
1783281413,SERVE,31694,48096,0.1
1783281413,GEN,31684,46784,0.0
1783281413,BROWSER,31707,70816,0.0
1783281413,LIVE,31698,58560,0.1
1783281413,CHROMIUM,31734,76080,0.0
1783281413,CHROMIUM,31735,138928,103.2
1783281413,CHROMIUM,31736,42208,0.0
1783281473,SERVE,31694,48368,0.1
1783281473,GEN,31684,46816,0.0
1783281473,BROWSER,31707,70848,0.0
1783281473,LIVE,31698,58864,0.1
1783281473,CHROMIUM,31734,76064,0.0
1783281473,CHROMIUM,31735,139440,104.8
1783281473,CHROMIUM,31736,42208,0.0
1783281533,SERVE,31694,48096,0.1
1783281533,GEN,31684,46848,0.0
1783281533,BROWSER,31707,70880,0.0
1783281533,LIVE,31698,58768,0.1
1783281533,CHROMIUM,31734,76080,0.0
1783281533,CHROMIUM,31735,133872,99.8
1783281533,CHROMIUM,31736,42208,0.0
1783281593,SERVE,31694,48336,0.1
1783281593,GEN,31684,46864,0.0
1783281593,BROWSER,31707,70880,0.0
1783281593,LIVE,31698,59056,0.1
1783281593,CHROMIUM,31734,76080,0.0
1783281593,CHROMIUM,31735,151488,106.2
1783281593,CHROMIUM,31736,42208,0.0
1783281653,SERVE,31694,48096,0.1
1783281653,GEN,31684,46896,0.0
1783281653,BROWSER,31707,70896,0.0
1783281653,LIVE,31698,58976,0.1
1783281653,CHROMIUM,31734,76080,0.0
1783281653,CHROMIUM,31735,138928,103.9
1783281653,CHROMIUM,31736,42208,0.0
1783281713,SERVE,31694,48272,0.1
1783281713,GEN,31684,46960,0.0
1783281713,BROWSER,31707,70960,0.0
1783281713,LIVE,31698,59248,0.1
1783281713,CHROMIUM,31734,76080,0.0
1783281713,CHROMIUM,31735,134128,104.1
1783281713,CHROMIUM,31736,42208,0.0
1783281773,SERVE,31694,48416,0.1
1783281773,GEN,31684,47008,0.0
1783281773,BROWSER,31707,70976,0.1
1783281773,LIVE,31698,59072,0.1
1783281773,CHROMIUM,31734,76080,0.0
1783281773,CHROMIUM,31735,139760,102.7
1783281773,CHROMIUM,31736,42224,0.0
1783281833,SERVE,31694,48240,0.1
1783281833,GEN,31684,47040,0.0
1783281833,BROWSER,31707,70976,0.0
1783281833,LIVE,31698,59120,0.1
1783281833,CHROMIUM,31734,76064,0.0
1783281833,CHROMIUM,31735,134320,101.0
1783281833,CHROMIUM,31736,42208,0.0
1783281893,SERVE,31694,48432,0.1
1783281893,GEN,31684,47072,0.0
1783281893,BROWSER,31707,71008,0.0
1783281893,LIVE,31698,59104,0.1
1783281893,CHROMIUM,31734,76080,0.0
1783281893,CHROMIUM,31735,141552,98.3
1783281893,CHROMIUM,31736,42208,0.0
1783281953,SERVE,31694,48432,0.1
1783281953,GEN,31684,47136,0.0
1783281953,BROWSER,31707,71024,0.0
1783281953,LIVE,31698,59392,0.1
1783281953,CHROMIUM,31734,76080,0.0
1783281953,CHROMIUM,31735,140016,95.9
1783281953,CHROMIUM,31736,42208,0.0
1783282013,SERVE,31694,48608,0.1
1783282013,GEN,31684,47184,0.0
1783282013,BROWSER,31707,71632,0.0
1783282013,LIVE,31698,59424,0.1
1783282013,CHROMIUM,31734,76080,0.0
1783282013,CHROMIUM,31735,134576,101.3
1783282013,CHROMIUM,31736,42208,0.0
1783282073,SERVE,31694,48416,0.1
1783282073,GEN,31684,47216,0.0
1783282073,BROWSER,31707,71056,0.0
1783282073,LIVE,31698,59664,0.1
1783282073,CHROMIUM,31734,76080,0.0
1783282073,CHROMIUM,31735,140144,99.4
1783282073,CHROMIUM,31736,42208,0.0
1783282133,SERVE,31694,48608,0.1
1783282133,GEN,31684,47280,0.0
1783282133,BROWSER,31707,71072,0.0
1783282133,LIVE,31698,59440,0.1
1783282133,CHROMIUM,31734,76064,0.0
1783282133,CHROMIUM,31735,140144,96.1
1783282133,CHROMIUM,31736,42208,0.0
1783282193,SERVE,31694,48352,0.1
1783282193,GEN,31684,47312,0.0
1783282193,BROWSER,31707,71088,0.0
1783282193,LIVE,31698,59696,0.1
1783282193,CHROMIUM,31734,76080,0.0
1783282193,CHROMIUM,31735,134576,102.0
1783282193,CHROMIUM,31736,42208,0.0
1783282253,SERVE,31694,48608,0.1
1783282253,GEN,31684,47344,0.0
1783282253,BROWSER,31707,71088,0.0
1783282253,LIVE,31698,59504,0.1
1783282253,CHROMIUM,31734,76080,0.0
1783282253,CHROMIUM,31735,140528,98.2
1783282253,CHROMIUM,31736,42224,0.0
1783282313,SERVE,31694,48320,0.1
1783282313,GEN,31684,47392,0.0
1783282313,BROWSER,31707,71104,0.1
1783282313,LIVE,31698,59264,0.1
1783282313,CHROMIUM,31734,76080,0.0
1783282313,CHROMIUM,31735,140016,100.1
1783282313,CHROMIUM,31736,42224,0.0
1783282373,SERVE,31694,48608,0.1
1783282373,GEN,31684,47424,0.0
1783282373,BROWSER,31707,71104,0.0
1783282373,LIVE,31698,59664,0.1
1783282373,CHROMIUM,31734,76080,0.0
1783282373,CHROMIUM,31735,134448,93.4
1783282373,CHROMIUM,31736,42224,0.0
1783282433,SERVE,31694,48288,0.1
1783282433,GEN,31684,47456,0.0
1783282433,BROWSER,31707,71104,0.0
1783282433,LIVE,31698,59568,0.1
1783282433,CHROMIUM,31734,76080,0.0
1783282433,CHROMIUM,31735,134448,98.2
1783282433,CHROMIUM,31736,42224,0.0
1783282494,SERVE,31694,48624,0.1
1783282494,GEN,31684,47520,0.0
1783282494,BROWSER,31707,71104,0.1
1783282494,LIVE,31698,59808,0.1
1783282494,CHROMIUM,31734,76064,0.0
1783282494,CHROMIUM,31735,140144,101.5
1783282494,CHROMIUM,31736,42224,0.0
1783282554,SERVE,31694,48304,0.1
1783282554,GEN,31684,46800,0.0
1783282554,BROWSER,31707,71104,0.0
1783282554,LIVE,31698,59648,0.1
1783282554,CHROMIUM,31734,76080,0.0
1783282554,CHROMIUM,31735,140144,101.8
1783282554,CHROMIUM,31736,42224,0.0
1783282614,SERVE,31694,48608,0.0
1783282614,GEN,31684,46816,0.0
1783282614,BROWSER,31707,71104,0.0
1783282614,LIVE,31698,59904,0.1
1783282614,CHROMIUM,31734,76080,0.0
1783282614,CHROMIUM,31735,134576,102.8
1783282614,CHROMIUM,31736,42224,0.0
1783282674,SERVE,31694,48304,0.1
1783282674,GEN,31684,46864,0.0
1783282674,BROWSER,31707,71120,0.0
1783282674,LIVE,31698,59728,0.1
1783282674,CHROMIUM,31734,76080,0.0
1783282674,CHROMIUM,31735,134448,98.3
1783282674,CHROMIUM,31736,42224,0.0
1783282734,SERVE,31694,48576,0.1
1783282734,GEN,31684,46912,0.0
1783282734,BROWSER,31707,71152,0.0
1783282734,LIVE,31698,59472,0.1
1783282734,CHROMIUM,31734,76080,0.0
1783282734,CHROMIUM,31735,140016,102.2
1783282734,CHROMIUM,31736,42224,0.0
1783282794,SERVE,31694,48304,0.1
1783282794,GEN,31684,46960,0.0
1783282794,BROWSER,31707,98448,0.1
1783282794,LIVE,31698,59840,0.1
1783282794,CHROMIUM,31734,78400,0.0
1783282794,CHROMIUM,31735,140080,102.3
1783282794,CHROMIUM,31736,42224,0.0
1783282854,SERVE,31694,48480,0.1
1783282854,GEN,31684,46992,0.0
1783282854,BROWSER,31707,97488,0.0
1783282854,LIVE,31698,59744,0.1
1783282854,CHROMIUM,31734,78400,0.0
1783282854,CHROMIUM,31735,152640,101.3
1783282854,CHROMIUM,31736,42224,0.0
1783282914,SERVE,31694,48624,0.1
1783282914,GEN,31684,47024,0.0
1783282914,BROWSER,31707,97504,0.0
1783282914,LIVE,31698,60064,0.1
1783282914,CHROMIUM,31734,78416,0.0
1783282914,CHROMIUM,31735,140080,99.7
1783282914,CHROMIUM,31736,42224,0.0
1783282974,SERVE,31694,48448,0.1
1783282974,GEN,31684,47072,0.0
1783282974,BROWSER,31707,97504,0.0
1783282974,LIVE,31698,59952,0.1
1783282974,CHROMIUM,31734,78416,0.0
1783282974,CHROMIUM,31735,140080,100.5
1783282974,CHROMIUM,31736,42224,0.0
1783283034,SERVE,31694,48624,0.1
1783283034,GEN,31684,47136,0.0
1783283034,BROWSER,31707,97504,0.0
1783283034,LIVE,31698,60208,0.1
1783283034,CHROMIUM,31734,78400,0.0
1783283034,CHROMIUM,31735,152640,98.2
1783283034,CHROMIUM,31736,42224,0.0
1783283094,SERVE,31694,48336,0.1
1783283094,GEN,31684,47168,0.0
1783283094,BROWSER,31707,97504,0.0
1783283094,LIVE,31698,60032,0.1
1783283094,CHROMIUM,31734,78400,0.0
1783283094,CHROMIUM,31735,138528,98.6
1783283094,CHROMIUM,31736,42224,0.0
1783283154,SERVE,31694,48624,0.1
1783283154,GEN,31684,47200,0.0
1783283154,BROWSER,31707,97504,0.1
1783283154,LIVE,31698,59776,0.1
1783283154,CHROMIUM,31734,78400,0.0
1783283154,CHROMIUM,31735,152768,98.1
1783283154,CHROMIUM,31736,42224,0.0
1783283214,SERVE,31694,48288,0.1
1783283214,GEN,31684,47120,0.0
1783283214,BROWSER,31707,97344,0.1
1783283214,LIVE,31698,61008,0.1
1783283214,CHROMIUM,31734,78352,0.0
1783283214,CHROMIUM,31735,134624,103.2
1783283214,CHROMIUM,31736,42208,0.0
1783283274,SERVE,31694,48768,0.1
1783283274,GEN,31684,46976,0.0
1783283274,BROWSER,31707,97328,0.0
1783283274,LIVE,31698,60096,0.1
1783283274,CHROMIUM,31734,78256,0.0
1783283274,CHROMIUM,31735,152384,102.5
1783283274,CHROMIUM,31736,42192,0.0
1783283334,SERVE,31694,48192,0.1
1783283334,GEN,31684,46656,0.0
1783283334,BROWSER,31707,94576,0.0
1783283334,LIVE,31698,58944,0.1
1783283334,CHROMIUM,31734,75904,0.0
1783283334,CHROMIUM,31735,139552,83.2
1783283334,CHROMIUM,31736,42192,0.0
1783283394,SERVE,31694,48512,0.1
1783283394,GEN,31684,45696,0.0
1783283394,BROWSER,31707,94720,0.0
1783283394,LIVE,31698,58912,0.1
1783283394,CHROMIUM,31734,75968,0.0
1783283394,CHROMIUM,31735,140928,103.0
1783283394,CHROMIUM,31736,42224,0.0
1783283454,SERVE,31694,48224,0.1
1783283454,GEN,31684,45744,0.0
1783283454,BROWSER,31707,94720,0.0
1783283454,LIVE,31698,59152,0.1
1783283454,CHROMIUM,31734,76048,0.0
1783283454,CHROMIUM,31735,133840,101.6
1783283454,CHROMIUM,31736,42256,0.0
1783283514,SERVE,31694,48464,0.1
1783283514,GEN,31684,45792,0.0
1783283514,BROWSER,31707,94720,0.0
1783283514,LIVE,31698,58896,0.1
1783283514,CHROMIUM,31734,75968,0.0
1783283514,CHROMIUM,31735,137472,96.8
1783283514,CHROMIUM,31736,42240,0.0
1783283575,SERVE,31694,48224,0.1
1783283575,GEN,31684,45584,0.0
1783283575,BROWSER,31707,90256,0.1
1783283575,LIVE,31698,58320,0.1
1783283575,CHROMIUM,31734,75920,0.0
1783283575,CHROMIUM,31735,151952,103.6
1783283575,CHROMIUM,31736,42240,0.0
1783283635,SERVE,31694,48432,0.1
1783283635,GEN,31684,45632,0.0
1783283635,BROWSER,31707,90400,0.0
1783283635,LIVE,31698,58720,0.1
1783283635,CHROMIUM,31734,75920,0.0
1783283635,CHROMIUM,31735,151936,101.4
1783283635,CHROMIUM,31736,42208,0.0
1783283695,SERVE,31694,48544,0.1
1783283695,GEN,31684,45328,0.0
1783283695,BROWSER,31707,90400,0.1
1783283695,LIVE,31698,58640,0.1
1783283695,CHROMIUM,31734,75920,0.0
1783283695,CHROMIUM,31735,134688,99.7
1783283695,CHROMIUM,31736,42208,0.0
1783283755,SERVE,31694,48368,0.1
1783283755,GEN,31684,45184,0.0
1783283755,BROWSER,31707,90400,0.0
1783283755,LIVE,31698,61664,0.1
1783283755,CHROMIUM,31734,75872,0.0
1783283755,CHROMIUM,31735,147248,99.4
1783283755,CHROMIUM,31736,42208,0.0
1783283815,SERVE,31694,48544,0.1
1783283815,GEN,31684,45216,0.0
1783283815,BROWSER,31707,90400,0.1
1783283815,LIVE,31698,61952,0.1
1783283815,CHROMIUM,31734,75888,0.0
1783283815,CHROMIUM,31735,134688,99.9
1783283815,CHROMIUM,31736,42224,0.0
1783283875,SERVE,31694,48288,0.1
1783283875,GEN,31684,45264,0.0
1783283875,BROWSER,31707,90400,0.0
1783283875,LIVE,31698,61728,0.1
1783283875,CHROMIUM,31734,75920,0.0
1783283875,CHROMIUM,31735,147248,92.5
1783283875,CHROMIUM,31736,42224,0.0
1783283935,SERVE,31694,48544,0.1
1783283935,GEN,31684,45328,0.0
1783283935,BROWSER,31707,90400,0.1
1783283935,LIVE,31698,62160,0.1
1783283935,CHROMIUM,31734,75920,0.0
1783283935,CHROMIUM,31735,134688,102.6
1783283935,CHROMIUM,31736,42224,0.0
1783283995,SERVE,31694,48224,0.1
1783283995,GEN,31684,45360,0.0
1783283995,BROWSER,31707,90400,0.0
1783283995,LIVE,31698,61968,0.1
1783283995,CHROMIUM,31734,75920,0.0
1783283995,CHROMIUM,31735,134688,102.0
1783283995,CHROMIUM,31736,42224,0.0
1783284055,SERVE,31694,48544,0.1
1783284055,GEN,31684,45424,0.0
1783284055,BROWSER,31707,90416,0.0
1783284055,LIVE,31698,62192,0.1
1783284055,CHROMIUM,31734,75920,0.0
1783284055,CHROMIUM,31735,134688,98.7
1783284055,CHROMIUM,31736,42224,0.0
1783284115,SERVE,31694,48224,0.1
1783284115,GEN,31684,45456,0.0
1783284115,BROWSER,31707,90432,0.0
1783284115,LIVE,31698,61968,0.1
1783284115,CHROMIUM,31734,75904,0.0
1783284115,CHROMIUM,31735,147248,102.0
1783284115,CHROMIUM,31736,42224,0.0
1783284175,SERVE,31694,48544,0.1
1783284175,GEN,31684,45488,0.0
1783284175,BROWSER,31707,90432,0.0
1783284175,LIVE,31698,61680,0.1
1783284175,CHROMIUM,31734,75920,0.0
1783284175,CHROMIUM,31735,133936,95.6
1783284175,CHROMIUM,31736,42224,0.0
1783284235,SERVE,31694,48224,0.1
1783284235,GEN,31684,45552,0.0
1783284235,BROWSER,31707,90432,0.0
1783284235,LIVE,31698,62064,0.1
1783284235,CHROMIUM,31734,75936,0.0
1783284235,CHROMIUM,31735,152064,102.5
1783284235,CHROMIUM,31736,42224,0.0
1783284295,SERVE,31694,48528,0.1
1783284295,GEN,31684,45584,0.0
1783284295,BROWSER,31707,90432,0.0
1783284295,LIVE,31698,61968,0.1
1783284295,CHROMIUM,31734,75936,0.0
1783284295,CHROMIUM,31735,139504,102.0
1783284295,CHROMIUM,31736,42224,0.0
1783284355,SERVE,31694,48224,0.1
1783284355,GEN,31684,45632,0.0
1783284355,BROWSER,31707,90448,0.0
1783284355,LIVE,31698,62192,0.1
1783284355,CHROMIUM,31734,75936,0.0
1783284355,CHROMIUM,31735,139504,100.2
1783284355,CHROMIUM,31736,42224,0.0
1783284415,SERVE,31694,48512,0.1
1783284415,GEN,31684,45680,0.0
1783284415,BROWSER,31707,90448,0.1
1783284415,LIVE,31698,61968,0.1
1783284415,CHROMIUM,31734,75936,0.0
1783284415,CHROMIUM,31735,152064,95.2
1783284415,CHROMIUM,31736,42224,0.0
1783284475,SERVE,31694,48224,0.1
1783284475,GEN,31684,45728,0.0
1783284475,BROWSER,31707,90448,0.0
1783284475,LIVE,31698,61680,0.1
1783284475,CHROMIUM,31734,75968,0.0
1783284475,CHROMIUM,31735,152064,97.4
1783284475,CHROMIUM,31736,42240,0.0
1783284535,SERVE,31694,48464,0.1
1783284535,GEN,31684,45776,0.0
1783284535,BROWSER,31707,90448,0.0
1783284535,LIVE,31698,62000,0.1
1783284535,CHROMIUM,31734,75952,0.0
1783284535,CHROMIUM,31735,139504,100.1
1783284535,CHROMIUM,31736,42224,0.0
1783284595,SERVE,31694,48224,0.1
1783284595,GEN,31684,45808,0.0
1783284595,BROWSER,31707,90352,0.1
1783284595,LIVE,31698,61888,0.1
1783284595,CHROMIUM,31734,75952,0.0
1783284595,CHROMIUM,31735,143712,95.5
1783284595,CHROMIUM,31736,42240,0.0
1783284655,SERVE,31694,48656,0.1
1783284655,GEN,31684,45840,0.0
1783284655,BROWSER,31707,90464,0.0
1783284655,LIVE,31698,62160,0.1
1783284655,CHROMIUM,31734,75952,0.0
1783284655,CHROMIUM,31735,133552,101.3
1783284655,CHROMIUM,31736,42240,0.0
1783284716,SERVE,31694,48544,0.1
1783284716,GEN,31684,45872,0.0
1783284716,BROWSER,31707,90464,0.0
1783284716,LIVE,31698,61984,0.1
1783284716,CHROMIUM,31734,75968,0.0
1783284716,CHROMIUM,31735,134896,103.3
1783284716,CHROMIUM,31736,42240,0.0
1783284776,SERVE,31694,48400,0.1
1783284776,GEN,31684,45952,0.0
1783284776,BROWSER,31707,90464,0.0
1783284776,LIVE,31698,61712,0.1
1783284776,CHROMIUM,31734,75968,0.0
1783284776,CHROMIUM,31735,140736,98.0
1783284776,CHROMIUM,31736,42240,0.0
1783284836,SERVE,31694,48544,0.1
1783284836,GEN,31684,45248,0.0
1783284836,BROWSER,31707,90464,0.0
1783284836,LIVE,31698,62048,0.1
1783284836,CHROMIUM,31734,75968,0.0
1783284836,CHROMIUM,31735,161168,101.5
1783284836,CHROMIUM,31736,42240,0.0
1783284896,SERVE,31694,48544,0.1
1783284896,GEN,31684,45296,0.0
1783284896,BROWSER,31707,90464,0.0
1783284896,LIVE,31698,62000,0.2
1783284896,CHROMIUM,31734,75984,0.0
1783284896,CHROMIUM,31735,140128,101.9
1783284896,CHROMIUM,31736,42240,0.0
1783284956,SERVE,31694,48768,0.1
1783284956,GEN,31684,45328,0.0
1783284956,BROWSER,31707,90464,0.1
1783284956,LIVE,31698,62224,0.1
1783284956,CHROMIUM,31734,75984,0.0
1783284956,CHROMIUM,31735,140128,99.5
1783284956,CHROMIUM,31736,42240,0.0
1783285016,SERVE,31694,48224,0.1
1783285016,GEN,31684,45360,0.0
1783285016,BROWSER,31707,90464,0.0
1783285016,LIVE,31698,62016,0.1
1783285016,CHROMIUM,31734,75984,0.0
1783285016,CHROMIUM,31735,134560,99.8
1783285016,CHROMIUM,31736,42240,0.0
1783285076,SERVE,31694,48704,0.1
1783285076,GEN,31684,45408,0.0
1783285076,BROWSER,31707,90464,0.0
1783285076,LIVE,31698,61792,0.1
1783285076,CHROMIUM,31734,75984,0.0
1783285076,CHROMIUM,31735,140448,98.5
1783285076,CHROMIUM,31736,42240,0.0
1783285136,SERVE,31694,48016,0.1
1783285136,GEN,31684,45440,0.0
1783285136,BROWSER,31707,90352,0.1
1783285136,LIVE,31698,62208,0.1
1783285136,CHROMIUM,31734,75968,0.0
1783285136,CHROMIUM,31735,134784,98.2
1783285136,CHROMIUM,31736,42240,0.0
1783285196,SERVE,31694,48416,0.1
1783285196,GEN,31684,45488,0.0
1783285196,BROWSER,31707,90464,0.0
1783285196,LIVE,31698,62048,0.1
1783285196,CHROMIUM,31734,75984,0.0
1783285196,CHROMIUM,31735,134784,101.3
1783285196,CHROMIUM,31736,42240,0.0
1783285256,SERVE,31694,48544,0.1
1783285256,GEN,31684,45520,0.0
1783285256,BROWSER,31707,90464,0.0
1783285256,LIVE,31698,61776,0.1
1783285256,CHROMIUM,31734,75984,0.0
1783285256,CHROMIUM,31735,152784,100.9
1783285256,CHROMIUM,31736,42240,0.0
1783285316,SERVE,31694,48352,0.1
1783285316,GEN,31684,45584,0.0
1783285316,BROWSER,31707,90464,0.0
1783285316,LIVE,31698,62096,0.1
1783285316,CHROMIUM,31734,75984,0.0
1783285316,CHROMIUM,31735,140128,99.6
1783285316,CHROMIUM,31736,42240,0.0
1783285376,SERVE,31694,48544,0.1
1783285376,GEN,31684,45616,0.0
1783285376,BROWSER,31707,90464,0.0
1783285376,LIVE,31698,62144,0.1
1783285376,CHROMIUM,31734,75984,0.0
1783285376,CHROMIUM,31735,152688,100.2
1783285376,CHROMIUM,31736,42240,0.0
1783285436,SERVE,31694,48240,0.1
1783285436,GEN,31684,45664,0.0
1783285436,BROWSER,31707,90480,0.0
1783285436,LIVE,31698,61872,0.1
1783285436,CHROMIUM,31734,75984,0.0
1783285436,CHROMIUM,31735,140128,99.5
1783285436,CHROMIUM,31736,42240,0.0
1783285496,SERVE,31694,48560,0.1
1783285496,GEN,31684,45696,0.0
1783285496,BROWSER,31707,90512,0.0
1783285496,LIVE,31698,62384,0.1
1783285496,CHROMIUM,31734,75968,0.0
1783285496,CHROMIUM,31735,162192,99.8
1783285496,CHROMIUM,31736,42240,0.0
1783285556,SERVE,31694,48720,0.1
1783285556,GEN,31684,45728,0.0
1783285556,BROWSER,31707,90512,0.0
1783285556,LIVE,31698,62192,0.1
1783285556,CHROMIUM,31734,75984,0.0
1783285556,CHROMIUM,31735,134560,102.4
1783285556,CHROMIUM,31736,42240,0.0
1783285616,SERVE,31694,49024,0.1
1783285616,GEN,31684,45776,0.0
1783285616,BROWSER,31707,90512,0.0
1783285616,LIVE,31698,62208,0.1
1783285616,CHROMIUM,31734,75984,0.0
1783285616,CHROMIUM,31735,140128,102.4
1783285616,CHROMIUM,31736,42240,0.0
1783285676,SERVE,31694,48720,0.1
1783285676,GEN,31684,45824,0.0
1783285676,BROWSER,31707,90528,0.0
1783285676,LIVE,31698,61920,0.1
1783285676,CHROMIUM,31734,75984,0.0
1783285676,CHROMIUM,31735,152688,102.3
1783285676,CHROMIUM,31736,42240,0.0
1783285736,SERVE,31694,49008,0.1
1783285736,GEN,31684,45856,0.0
1783285736,BROWSER,31707,90528,0.0
1783285736,LIVE,31698,62448,0.1
1783285736,CHROMIUM,31734,75984,0.0
1783285736,CHROMIUM,31735,140128,102.4
1783285736,CHROMIUM,31736,42240,0.0
1783285796,SERVE,31694,48720,0.1
1783285796,GEN,31684,45904,0.0
1783285796,BROWSER,31707,90528,0.0
1783285796,LIVE,31698,62224,0.1
1783285796,CHROMIUM,31734,75968,0.0
1783285796,CHROMIUM,31735,134560,99.0
1783285796,CHROMIUM,31736,42240,0.0
1783285857,SERVE,31694,48944,0.0
1783285857,GEN,31684,45936,0.0
1783285857,BROWSER,31707,90528,0.0
1783285857,LIVE,31698,62240,0.1
1783285857,CHROMIUM,31734,75984,0.0
1783285857,CHROMIUM,31735,134560,99.4
1783285857,CHROMIUM,31736,42240,0.0
1783285917,SERVE,31694,48720,0.1
1783285917,GEN,31684,45984,0.0
1783285917,BROWSER,31707,90528,0.0
1783285917,LIVE,31698,62016,0.1
1783285917,CHROMIUM,31734,75984,0.0
1783285917,CHROMIUM,31735,140384,102.6
1783285917,CHROMIUM,31736,42240,0.0
1783285977,SERVE,31694,48880,0.1
1783285977,GEN,31684,45296,0.0
1783285977,BROWSER,31707,90528,0.0
1783285977,LIVE,31698,62496,0.1
1783285977,CHROMIUM,31734,75984,0.0
1783285977,CHROMIUM,31735,134816,103.5
1783285977,CHROMIUM,31736,42240,0.0
1783286037,SERVE,31694,49040,0.1
1783286037,GEN,31684,45328,0.0
1783286037,BROWSER,31707,90528,0.0
1783286037,LIVE,31698,62272,0.1
1783286037,CHROMIUM,31734,75984,0.0
1783286037,CHROMIUM,31735,152432,99.8
1783286037,CHROMIUM,31736,42240,0.0
1783286097,SERVE,31694,48848,0.1
1783286097,GEN,31684,45376,0.0
1783286097,BROWSER,31707,90544,0.0
1783286097,LIVE,31698,62288,0.1
1783286097,CHROMIUM,31734,75984,0.0
1783286097,CHROMIUM,31735,140512,96.7
1783286097,CHROMIUM,31736,42240,0.0
1783286157,SERVE,31694,49040,0.1
1783286157,GEN,31684,45408,0.0
1783286157,BROWSER,31707,90544,0.0
1783286157,LIVE,31698,62000,0.1
1783286157,CHROMIUM,31734,75968,0.0
1783286157,CHROMIUM,31735,139744,95.7
1783286157,CHROMIUM,31736,42240,0.0
1783286217,SERVE,31694,48768,0.1
1783286217,GEN,31684,45440,0.0
1783286217,BROWSER,31707,90560,0.0
1783286217,LIVE,31698,62368,0.1
1783286217,CHROMIUM,31734,75984,0.0
1783286217,CHROMIUM,31735,153840,113.8
1783286217,CHROMIUM,31736,42240,0.0
1783286277,SERVE,31694,49040,0.1
1783286277,GEN,31684,45520,0.0
1783286277,BROWSER,31707,90560,0.0
1783286277,LIVE,31698,62320,0.2
1783286277,CHROMIUM,31734,75968,0.0
1783286277,CHROMIUM,31735,152304,96.3
1783286277,CHROMIUM,31736,42240,0.0
1783286337,SERVE,31694,48720,0.0
1783286337,GEN,31684,45552,0.0
1783286337,BROWSER,31707,90560,0.0
1783286337,LIVE,31698,62544,0.1
1783286337,CHROMIUM,31734,75984,0.0
1783286337,CHROMIUM,31735,134304,98.1
1783286337,CHROMIUM,31736,42240,0.0
1783286397,SERVE,31694,49040,0.1
1783286397,GEN,31684,45584,0.0
1783286397,BROWSER,31707,94416,0.0
1783286397,LIVE,31698,62320,0.1
1783286397,CHROMIUM,31734,78368,0.0
1783286397,CHROMIUM,31735,139840,102.7
1783286397,CHROMIUM,31736,42240,0.0
1783286457,SERVE,31694,48720,0.1
1783286457,GEN,31684,45616,0.0
1783286457,BROWSER,31707,94448,0.0
1783286457,LIVE,31698,62032,0.1
1783286457,CHROMIUM,31734,78352,0.0
1783286457,CHROMIUM,31735,133504,100.9
1783286457,CHROMIUM,31736,42240,0.0
1783286517,SERVE,31694,49040,0.1
1783286517,GEN,31684,45648,0.0
1783286517,BROWSER,31707,94448,0.0
1783286517,LIVE,31698,62352,0.1
1783286517,CHROMIUM,31734,78352,0.0
1783286517,CHROMIUM,31735,133376,98.0
1783286517,CHROMIUM,31736,42240,0.0
1783286577,SERVE,31694,48720,0.0
1783286577,GEN,31684,45680,0.0
1783286577,BROWSER,31707,94448,0.0
1783286577,LIVE,31698,62128,0.1
1783286577,CHROMIUM,31734,78368,0.0
1783286577,CHROMIUM,31735,138944,105.2
1783286577,CHROMIUM,31736,42240,0.0
1783286637,SERVE,31694,49040,0.0
1783286637,GEN,31684,45712,0.0
1783286637,BROWSER,31707,94448,0.0
1783286637,LIVE,31698,62464,0.1
1783286637,CHROMIUM,31734,78368,0.0
1783286637,CHROMIUM,31735,151504,100.1
1783286637,CHROMIUM,31736,42240,0.0
1783286697,SERVE,31694,48720,0.1
1783286697,GEN,31684,45744,0.0
1783286697,BROWSER,31707,94416,0.0
1783286697,LIVE,31698,62384,0.1
1783286697,CHROMIUM,31734,78368,0.0
1783286697,CHROMIUM,31735,151504,100.5
1783286697,CHROMIUM,31736,42240,0.0
1783286757,SERVE,31694,48992,0.1
1783286757,GEN,31684,45776,0.0
1783286757,BROWSER,31707,94256,0.0
1783286757,LIVE,31698,62624,0.1
1783286757,CHROMIUM,31734,78368,0.0
1783286757,CHROMIUM,31735,138944,99.8
1783286757,CHROMIUM,31736,42240,0.0
1783286817,SERVE,31694,49040,0.1
1783286817,GEN,31684,45808,0.0
1783286817,BROWSER,31707,94448,0.0
1783286817,LIVE,31698,62432,0.1
1783286817,CHROMIUM,31734,78352,0.0
1783286817,CHROMIUM,31735,142864,101.3
1783286817,CHROMIUM,31736,42240,0.0
1783286877,SERVE,31694,48960,0.1
1783286877,GEN,31684,45840,0.0
1783286877,BROWSER,31707,94464,0.0
1783286877,LIVE,31698,62688,0.1
1783286877,CHROMIUM,31734,78368,0.0
1783286877,CHROMIUM,31735,158592,103.8
1783286877,CHROMIUM,31736,42240,0.0
1783286937,SERVE,31694,48752,0.1
1783286937,GEN,31684,45872,0.0
1783286937,BROWSER,31707,94432,0.0
1783286937,LIVE,31698,62480,0.1
1783286937,CHROMIUM,31734,78368,0.0
1783286937,CHROMIUM,31735,138944,102.8
1783286937,CHROMIUM,31736,42240,0.0
1783286997,SERVE,31694,48944,0.1
1783286997,GEN,31684,45904,0.0
1783286997,BROWSER,31707,94464,0.0
1783286997,LIVE,31698,62224,0.1
1783286997,CHROMIUM,31734,78368,0.0
1783286997,CHROMIUM,31735,133376,96.9
1783286997,CHROMIUM,31736,42240,0.0
1783287058,SERVE,31694,48752,0.1
1783287058,GEN,31684,45920,0.0
1783287058,BROWSER,31707,94464,0.0
1783287058,LIVE,31698,62560,0.1
1783287058,CHROMIUM,31734,78352,0.0
1783287058,CHROMIUM,31735,138944,104.1
1783287058,CHROMIUM,31736,42240,0.0
1783287118,SERVE,31694,48912,0.1
1783287118,GEN,31684,45952,0.0
1783287118,BROWSER,31707,94464,0.0
1783287118,LIVE,31698,62368,0.1
1783287118,CHROMIUM,31734,78352,0.0
1783287118,CHROMIUM,31735,151504,103.9
1783287118,CHROMIUM,31736,42240,0.0
1783287178,SERVE,31694,49088,0.1
1783287178,GEN,31684,45984,0.0
1783287178,BROWSER,31707,94432,0.0
1783287178,LIVE,31698,62672,0.1
1783287178,CHROMIUM,31734,78336,0.0
1783287178,CHROMIUM,31735,138944,94.9
1783287178,CHROMIUM,31736,42240,0.0
1783287238,SERVE,31694,48912,0.1
1783287238,GEN,31684,46032,0.0
1783287238,BROWSER,31707,94464,0.1
1783287238,LIVE,31698,62592,0.1
1783287238,CHROMIUM,31734,78352,0.0
1783287238,CHROMIUM,31735,139104,98.4
1783287238,CHROMIUM,31736,42240,0.0
1783287298,SERVE,31694,49088,0.0
1783287298,GEN,31684,45312,0.0
1783287298,BROWSER,31707,94432,0.0
1783287298,LIVE,31698,62880,0.1
1783287298,CHROMIUM,31734,78368,0.0
1783287298,CHROMIUM,31735,133376,101.2
1783287298,CHROMIUM,31736,42240,0.0
1783287358,SERVE,31694,48880,0.1
1783287358,GEN,31684,45328,0.0
1783287358,BROWSER,31707,94464,0.0
1783287358,LIVE,31698,62720,0.1
1783287358,CHROMIUM,31734,78368,0.0
1783287358,CHROMIUM,31735,133376,96.4
1783287358,CHROMIUM,31736,42240,0.0
1783287418,SERVE,31694,49136,0.1
1783287418,GEN,31684,45360,0.0
1783287418,BROWSER,31707,94464,0.0
1783287418,LIVE,31698,62976,0.1
1783287418,CHROMIUM,31734,78368,0.0
1783287418,CHROMIUM,31735,151504,101.4
1783287418,CHROMIUM,31736,42240,0.0
1783287478,SERVE,31694,48784,0.1
1783287478,GEN,31684,45392,0.0
1783287478,BROWSER,31707,94496,0.0
1783287478,LIVE,31698,62768,0.1
1783287478,CHROMIUM,31734,78368,0.0
1783287478,CHROMIUM,31735,166704,101.9
1783287478,CHROMIUM,31736,42240,0.0
1783287538,SERVE,31694,49136,0.0
1783287538,GEN,31684,45424,0.0
1783287538,BROWSER,31707,94496,0.0
1783287538,LIVE,31698,63040,0.1
1783287538,CHROMIUM,31734,78352,0.0
1783287538,CHROMIUM,31735,138944,100.9
1783287538,CHROMIUM,31736,42240,0.0
1783287598,SERVE,31694,48656,0.1
1783287598,GEN,31684,45456,0.0
1783287598,BROWSER,31707,94416,0.0
1783287598,LIVE,31698,62848,0.1
1783287598,CHROMIUM,31734,78352,0.0
1783287598,CHROMIUM,31735,133376,103.7
1783287598,CHROMIUM,31736,42240,0.0
1783287658,SERVE,31694,49024,0.1
1783287658,GEN,31684,45488,0.0
1783287658,BROWSER,31707,94496,0.0
1783287658,LIVE,31698,63088,0.1
1783287658,CHROMIUM,31734,79360,0.0
1783287658,CHROMIUM,31735,160896,103.4
1783287658,CHROMIUM,31736,42240,0.0
1783287718,SERVE,31694,49136,0.1
1783287718,GEN,31684,45520,0.0
1783287718,BROWSER,31707,94496,0.0
1783287718,LIVE,31698,62896,0.1
1783287718,CHROMIUM,31734,79360,0.0
1783287718,CHROMIUM,31735,133264,106.0
1783287718,CHROMIUM,31736,42240,0.0
1783287778,SERVE,31694,48992,0.1
1783287778,GEN,31684,45552,0.0
1783287778,BROWSER,31707,94544,0.0
1783287778,LIVE,31698,62640,0.1
1783287778,CHROMIUM,31734,79360,0.0
1783287778,CHROMIUM,31735,133264,103.0
1783287778,CHROMIUM,31736,42240,0.0
1783287838,SERVE,31694,49184,0.1
1783287838,GEN,31684,45584,0.0
1783287838,BROWSER,31707,94544,0.1
1783287838,LIVE,31698,62944,0.1
1783287838,CHROMIUM,31734,79360,0.0
1783287838,CHROMIUM,31735,133264,95.6
1783287838,CHROMIUM,31736,42256,0.0
1783287898,SERVE,31694,48752,0.1
1783287898,GEN,31684,45616,0.0
1783287898,BROWSER,31707,94288,0.0
1783287898,LIVE,31698,62976,0.1
1783287898,CHROMIUM,31734,79360,0.0
1783287898,CHROMIUM,31735,138832,104.6
1783287898,CHROMIUM,31736,42240,0.0
1783287958,SERVE,31694,49088,0.1
1783287958,GEN,31684,45632,0.0
1783287958,BROWSER,31707,94544,0.0
1783287958,LIVE,31698,63008,0.1
1783287958,CHROMIUM,31734,79360,0.0
1783287958,CHROMIUM,31735,133264,98.3
1783287958,CHROMIUM,31736,42240,0.0
1783288018,SERVE,31694,49184,0.1
1783288018,GEN,31684,45664,0.0
1783288018,BROWSER,31707,94544,0.0
1783288018,LIVE,31698,63008,0.1
1783288018,CHROMIUM,31734,79344,0.0
1783288018,CHROMIUM,31735,151392,99.6
1783288018,CHROMIUM,31736,42240,0.0
1783288078,SERVE,31694,48912,0.1
1783288078,GEN,31684,45696,0.0
1783288078,BROWSER,31707,94384,0.0
1783288078,LIVE,31698,63264,0.1
1783288078,CHROMIUM,31734,79376,0.0
1783288078,CHROMIUM,31735,138832,102.0
1783288078,CHROMIUM,31736,42240,0.0
1783288138,SERVE,31694,49184,0.1
1783288138,GEN,31684,45728,0.0
1783288138,BROWSER,31707,94544,0.0
1783288138,LIVE,31698,63072,0.1
1783288138,CHROMIUM,31734,79376,0.0
1783288138,CHROMIUM,31735,146080,104.4
1783288138,CHROMIUM,31736,42240,0.0
1783288198,SERVE,31694,48752,0.1
1783288198,GEN,31684,45760,0.0
1783288198,BROWSER,31707,94544,0.0
1783288198,LIVE,31698,63088,0.1
1783288198,CHROMIUM,31734,79328,0.0
1783288198,CHROMIUM,31735,133264,96.9
1783288198,CHROMIUM,31736,42240,0.0
1783288259,SERVE,31694,49104,0.1
1783288259,GEN,31684,45792,0.0
1783288259,BROWSER,31707,94416,0.1
1783288259,LIVE,31698,63120,0.1
1783288259,CHROMIUM,31734,79328,0.0
1783288259,CHROMIUM,31735,138832,98.0
1783288259,CHROMIUM,31736,42240,0.0
1783288319,SERVE,31694,48624,0.1
1783288319,GEN,31684,45824,0.0
1783288319,BROWSER,31707,94560,0.0
1783288319,LIVE,31698,63152,0.1
1783288319,CHROMIUM,31734,79344,0.0
1783288319,CHROMIUM,31735,167392,102.4
1783288319,CHROMIUM,31736,42240,0.0
1783288379,SERVE,31694,49216,0.1
1783288379,GEN,31684,45856,0.0
1783288379,BROWSER,31707,94560,0.0
1783288379,LIVE,31698,63168,0.1
1783288379,CHROMIUM,31734,79344,0.0
1783288379,CHROMIUM,31735,138832,102.1
1783288379,CHROMIUM,31736,42240,0.0
1783288439,SERVE,31694,49184,0.0
1783288439,GEN,31684,45888,0.0
1783288439,BROWSER,31707,94560,0.0
1783288439,LIVE,31698,63200,0.1
1783288439,CHROMIUM,31734,79344,0.0
1783288439,CHROMIUM,31735,169328,102.0
1783288439,CHROMIUM,31736,42240,0.0
1783288499,SERVE,31694,48896,0.1
1783288499,GEN,31684,45920,0.0
1783288499,BROWSER,31707,94560,0.1
1783288499,LIVE,31698,63200,0.1
1783288499,CHROMIUM,31734,79344,0.0
1783288499,CHROMIUM,31735,139584,100.8
1783288499,CHROMIUM,31736,42256,0.0
1783288559,SERVE,31694,49200,0.1
1783288559,GEN,31684,45952,0.0
1783288559,BROWSER,31707,94448,0.0
1783288559,LIVE,31698,62912,0.1
1783288559,CHROMIUM,31734,79360,0.0
1783288559,CHROMIUM,31735,164336,96.8
1783288559,CHROMIUM,31736,42256,0.0
1783288619,SERVE,31694,48896,0.1
1783288619,GEN,31684,45984,0.0
1783288619,BROWSER,31707,94560,0.1
1783288619,LIVE,31698,63200,0.1
1783288619,CHROMIUM,31734,79360,0.0
1783288619,CHROMIUM,31735,134544,99.6
1783288619,CHROMIUM,31736,42256,0.0
1783288679,SERVE,31694,49152,0.1
1783288679,GEN,31684,46032,0.0
1783288679,BROWSER,31707,94576,0.0
1783288679,LIVE,31698,62944,0.1
1783288679,CHROMIUM,31734,79360,0.1
1783288679,CHROMIUM,31735,134544,97.1
1783288679,CHROMIUM,31736,42256,0.0
1783288739,SERVE,31694,48896,0.1
1783288739,GEN,31684,46096,0.0
1783288739,BROWSER,31707,94576,0.0
1783288739,LIVE,31698,63248,0.1
1783288739,CHROMIUM,31734,79360,0.0
1783288739,CHROMIUM,31735,152672,98.2
1783288739,CHROMIUM,31736,42256,0.0
1783288799,SERVE,31694,49104,0.1
1783288799,GEN,31684,45312,0.0
1783288799,BROWSER,31707,94576,0.0
1783288799,LIVE,31698,63120,0.1
1783288799,CHROMIUM,31734,79360,0.0
1783288799,CHROMIUM,31735,140112,97.9
1783288799,CHROMIUM,31736,42256,0.0
1783288859,SERVE,31694,48896,0.1
1783288859,GEN,31684,45344,0.0
1783288859,BROWSER,31707,94576,0.0
1783288859,LIVE,31698,63408,0.1
1783288859,CHROMIUM,31734,79344,0.0
1783288859,CHROMIUM,31735,134544,99.7
1783288859,CHROMIUM,31736,42240,0.0
1783288919,SERVE,31694,49056,0.1
1783288919,GEN,31684,45360,0.0
1783288919,BROWSER,31707,94576,0.1
1783288919,LIVE,31698,63248,0.1
1783288919,CHROMIUM,31734,79360,0.0
1783288919,CHROMIUM,31735,140112,98.0
1783288919,CHROMIUM,31736,42240,0.0
1783288979,SERVE,31694,49216,0.1
1783288979,GEN,31684,45392,0.0
1783288979,BROWSER,31707,94576,0.0
1783288979,LIVE,31698,63504,0.1
1783288979,CHROMIUM,31734,79360,0.0
1783288979,CHROMIUM,31735,140112,94.8
1783288979,CHROMIUM,31736,42240,0.0
1783289039,SERVE,31694,48848,0.1
1783289039,GEN,31684,45424,0.0
1783289039,BROWSER,31707,94560,0.0
1783289039,LIVE,31698,63296,0.1
1783289039,CHROMIUM,31734,79312,0.0
1783289039,CHROMIUM,31735,152096,101.1
1783289039,CHROMIUM,31736,42176,0.0
1783289099,SERVE,31694,49024,0.1
1783289099,GEN,31684,45472,0.0
1783289099,BROWSER,31707,94560,0.0
1783289099,LIVE,31698,63216,0.1
1783289099,CHROMIUM,31734,79328,0.0
1783289099,CHROMIUM,31735,139536,98.6
1783289099,CHROMIUM,31736,42176,0.0
1783289159,SERVE,31694,49216,0.1
1783289159,GEN,31684,45504,0.0
1783289159,BROWSER,31707,94560,0.0
1783289159,LIVE,31698,63008,0.1
1783289159,CHROMIUM,31734,79312,0.0
1783289159,CHROMIUM,31735,133968,97.5
1783289159,CHROMIUM,31736,42192,0.0
1783289219,SERVE,31694,49296,0.1
1783289219,GEN,31684,45552,0.0
1783289219,BROWSER,31707,94576,0.0
1783289219,LIVE,31698,63008,0.1
1783289219,CHROMIUM,31734,79328,0.0
1783289219,CHROMIUM,31735,139536,100.0
1783289219,CHROMIUM,31736,42192,0.0
1783289279,SERVE,31694,48720,0.1
1783289279,GEN,31684,45616,0.0
1783289279,BROWSER,31707,94128,0.0
1783289279,LIVE,31698,63328,0.1
1783289279,CHROMIUM,31734,79328,0.0
1783289279,CHROMIUM,31735,133968,99.3
1783289279,CHROMIUM,31736,42192,0.0
1783289340,SERVE,31694,48896,0.1
1783289340,GEN,31684,45648,0.0
1783289340,BROWSER,31707,94576,0.0
1783289340,LIVE,31698,63344,0.1
1783289340,CHROMIUM,31734,79312,0.0
1783289340,CHROMIUM,31735,139536,99.2
1783289340,CHROMIUM,31736,42192,0.0
1783289400,SERVE,31694,49120,0.1
1783289400,GEN,31684,45696,0.0
1783289400,BROWSER,31707,94320,0.0
1783289400,LIVE,31698,63344,0.1
1783289400,CHROMIUM,31734,79312,0.0
1783289400,CHROMIUM,31735,133968,97.8
1783289400,CHROMIUM,31736,42192,0.0
1783289460,SERVE,31694,49280,0.1
1783289460,GEN,31684,45744,0.0
1783289460,BROWSER,31707,94576,0.1
1783289460,LIVE,31698,63248,0.1
1783289460,CHROMIUM,31734,79312,0.0
1783289460,CHROMIUM,31735,139536,97.3
1783289460,CHROMIUM,31736,42192,0.0
1783289520,SERVE,31694,49312,0.1
1783289520,GEN,31684,45776,0.0
1783289520,BROWSER,31707,94352,0.0
1783289520,LIVE,31698,63072,0.1
1783289520,CHROMIUM,31734,79296,0.0
1783289520,CHROMIUM,31735,133968,99.6
1783289520,CHROMIUM,31736,42192,0.0
1783289580,SERVE,31694,48768,0.1
1783289580,GEN,31684,45840,0.0
1783289580,BROWSER,31707,94576,0.1
1783289580,LIVE,31698,63392,0.1
1783289580,CHROMIUM,31734,79328,0.0
1783289580,CHROMIUM,31735,134096,94.0
1783289580,CHROMIUM,31736,42192,0.0
1783289640,SERVE,31694,49312,0.1
1783289640,GEN,31684,45904,0.0
1783289640,BROWSER,31707,94352,0.0
1783289640,LIVE,31698,63392,0.1
1783289640,CHROMIUM,31734,79328,0.0
1783289640,CHROMIUM,31735,134096,101.4
1783289640,CHROMIUM,31736,42192,0.0
1783289700,SERVE,31694,49136,0.1
1783289700,GEN,31684,45936,0.0
1783289700,BROWSER,31707,94576,0.0
1783289700,LIVE,31698,63392,0.1
1783289700,CHROMIUM,31734,79328,0.0
1783289700,CHROMIUM,31735,134096,102.0
1783289700,CHROMIUM,31736,42192,0.0
1783289760,SERVE,31694,49280,0.0
1783289760,GEN,31684,45968,0.0
1783289760,BROWSER,31707,94544,0.0
1783289760,LIVE,31698,63328,0.1
1783289760,CHROMIUM,31734,79328,0.0
1783289760,CHROMIUM,31735,159328,97.7
1783289760,CHROMIUM,31736,42192,0.0
1783289820,SERVE,31694,49312,0.0
1783289820,GEN,31684,46032,0.0
1783289820,BROWSER,31707,94592,0.0
1783289820,LIVE,31698,63232,0.1
1783289820,CHROMIUM,31734,79312,0.0
1783289820,CHROMIUM,31735,152224,102.1
1783289820,CHROMIUM,31736,42192,0.0
1783289880,SERVE,31694,48816,0.1
1783289880,GEN,31684,46112,0.0
1783289880,BROWSER,31707,94592,0.1
1783289880,LIVE,31698,63136,0.1
1783289880,CHROMIUM,31734,79376,0.0
1783289880,CHROMIUM,31735,134096,105.7
1783289880,CHROMIUM,31736,42192,0.0
1783289940,SERVE,31694,48976,0.0
1783289940,GEN,31684,45392,0.0
1783289940,BROWSER,31707,94208,0.1
1783289940,LIVE,31698,63456,0.1
1783289940,CHROMIUM,31734,79360,0.0
1783289940,CHROMIUM,31735,152224,98.9
1783289940,CHROMIUM,31736,42192,0.0
1783290000,SERVE,31694,49200,0.1
1783290000,GEN,31684,45408,0.0
1783290000,BROWSER,31707,96464,0.0
1783290000,LIVE,31698,63472,0.1
1783290000,CHROMIUM,31734,80160,0.0
1783290000,CHROMIUM,31735,144208,96.9
1783290000,CHROMIUM,31736,42192,0.0
1783290060,SERVE,31694,49312,0.1
1783290060,GEN,31684,45456,0.0
1783290060,BROWSER,31707,96464,0.1
1783290060,LIVE,31698,63216,0.2
1783290060,CHROMIUM,31734,80112,0.0
1783290060,CHROMIUM,31735,135824,99.5
1783290060,CHROMIUM,31736,42192,0.0
1783290120,SERVE,31694,49120,0.1
1783290120,GEN,31684,45504,0.0
1783290120,BROWSER,31707,96464,0.0
1783290120,LIVE,31698,63584,0.1
1783290120,CHROMIUM,31734,80128,0.0
1783290120,CHROMIUM,31735,153856,97.5
1783290120,CHROMIUM,31736,42192,0.0
1783290180,SERVE,31694,49312,0.1
1783290180,GEN,31684,45552,0.0
1783290180,BROWSER,31707,96464,0.0
1783290180,LIVE,31698,63504,0.1
1783290180,CHROMIUM,31734,80112,0.0
1783290180,CHROMIUM,31735,163456,98.0
1783290180,CHROMIUM,31736,42192,0.0
1783290240,SERVE,31694,48976,0.1
1783290240,GEN,31684,45600,0.0
1783290240,BROWSER,31707,96464,0.0
1783290240,LIVE,31698,63216,0.1
1783290240,CHROMIUM,31734,80128,0.0
1783290240,CHROMIUM,31735,153872,95.3
1783290240,CHROMIUM,31736,42192,0.0
1783290300,SERVE,31694,49312,0.1
1783290300,GEN,31684,45648,0.0
1783290300,BROWSER,31707,96464,0.0
1783290300,LIVE,31698,63504,0.1
1783290300,CHROMIUM,31734,80128,0.0
1783290300,CHROMIUM,31735,144576,100.5
1783290300,CHROMIUM,31736,42192,0.0
1783290360,SERVE,31694,48992,0.1
1783290360,GEN,31684,45712,0.0
1783290360,BROWSER,31707,96320,0.0
1783290360,LIVE,31698,63504,0.1
1783290360,CHROMIUM,31734,80128,0.0
1783290360,CHROMIUM,31735,140400,99.1
1783290360,CHROMIUM,31736,42192,0.0
1783290420,SERVE,31694,49264,0.1
1783290420,GEN,31684,45760,0.0
1783290420,BROWSER,31707,96464,0.0
1783290420,LIVE,31698,63744,0.1
1783290420,CHROMIUM,31734,80128,0.0
1783290420,CHROMIUM,31735,140400,102.7
1783290420,CHROMIUM,31736,42192,0.0
1783290481,SERVE,31694,48992,0.1
1783290481,GEN,31684,45792,0.0
1783290481,BROWSER,31707,96336,0.0
1783290481,LIVE,31698,63568,0.1
1783290481,CHROMIUM,31734,80112,0.0
1783290481,CHROMIUM,31735,134832,100.1
1783290481,CHROMIUM,31736,42192,0.0
1783290541,SERVE,31694,49184,0.1
1783290541,GEN,31684,45840,0.0
1783290541,BROWSER,31707,96496,0.0
1783290541,LIVE,31698,63488,0.1
1783290541,CHROMIUM,31734,80128,0.0
1783290541,CHROMIUM,31735,140064,98.1
1783290541,CHROMIUM,31736,42192,0.0
1783290601,SERVE,31694,49312,0.1
1783290601,GEN,31684,45888,0.0
1783290601,BROWSER,31707,96496,0.0
1783290601,LIVE,31698,63840,0.1
1783290601,CHROMIUM,31734,80128,0.0
1783290601,CHROMIUM,31735,140064,98.0
1783290601,CHROMIUM,31736,42192,0.0
1783290661,SERVE,31694,49120,0.1
1783290661,GEN,31684,45936,0.0
1783290661,BROWSER,31707,96464,0.0
1783290661,LIVE,31698,63696,0.1
1783290661,CHROMIUM,31734,80128,0.0
1783290661,CHROMIUM,31735,140064,102.5
1783290661,CHROMIUM,31736,42192,0.0
1783290721,SERVE,31694,49312,0.1
1783290721,GEN,31684,45968,0.0
1783290721,BROWSER,31707,96496,0.0
1783290721,LIVE,31698,63408,0.1
1783290721,CHROMIUM,31734,80128,0.0
1783290721,CHROMIUM,31735,140064,102.1
1783290721,CHROMIUM,31736,42192,0.0
1783290781,SERVE,31694,49024,0.1
1783290781,GEN,31684,46000,0.0
1783290781,BROWSER,31707,96464,0.0
1783290781,LIVE,31698,63792,0.1
1783290781,CHROMIUM,31734,80128,0.0
1783290781,CHROMIUM,31735,134496,98.9
1783290781,CHROMIUM,31736,42192,0.0
1783290841,SERVE,31694,49312,0.1
1783290841,GEN,31684,46032,0.0
1783290841,BROWSER,31707,96496,0.0
1783290841,LIVE,31698,63760,0.1
1783290841,CHROMIUM,31734,80112,0.0
1783290841,CHROMIUM,31735,152624,100.7
1783290841,CHROMIUM,31736,42192,0.0
1783290901,SERVE,31694,48912,0.1
1783290901,GEN,31684,46080,0.0
1783290901,BROWSER,31707,96496,0.0
1783290901,LIVE,31698,64000,0.1
1783290901,CHROMIUM,31734,80128,0.0
1783290901,CHROMIUM,31735,140064,95.6
1783290901,CHROMIUM,31736,42192,0.0
1783290961,SERVE,31694,49312,0.1
1783290961,GEN,31684,46128,0.0
1783290961,BROWSER,31707,96464,0.0
1783290961,LIVE,31698,63808,0.1
1783290961,CHROMIUM,31734,80128,0.0
1783290961,CHROMIUM,31735,140064,97.9
1783290961,CHROMIUM,31736,42192,0.0
1783291021,SERVE,31694,48848,0.1
1783291021,GEN,31684,46160,0.0
1783291021,BROWSER,31707,96464,0.0
1783291021,LIVE,31698,64064,0.1
1783291021,CHROMIUM,31734,80128,0.0
1783291021,CHROMIUM,31735,134496,98.7
1783291021,CHROMIUM,31736,42192,0.0
1783291081,SERVE,31694,49248,0.0
1783291081,GEN,31684,45456,0.0
1783291081,BROWSER,31707,96496,0.0
1783291081,LIVE,31698,63872,0.1
1783291081,CHROMIUM,31734,80128,0.0
1783291081,CHROMIUM,31735,162128,100.4
1783291081,CHROMIUM,31736,42192,0.0
1783291141,SERVE,31694,48992,0.1
1783291141,GEN,31684,45488,0.0
1783291141,BROWSER,31707,96464,0.0
1783291141,LIVE,31698,63616,0.1
1783291141,CHROMIUM,31734,80112,0.0
1783291141,CHROMIUM,31735,134496,101.0
1783291141,CHROMIUM,31736,42208,0.0
1783291201,SERVE,31694,49184,0.1
1783291201,GEN,31684,45520,0.0
1783291201,BROWSER,31707,96496,0.0
1783291201,LIVE,31698,63968,0.1
1783291201,CHROMIUM,31734,80112,0.0
1783291201,CHROMIUM,31735,140064,97.8
1783291201,CHROMIUM,31736,42192,0.0
1783291261,SERVE,31694,49312,0.0
1783291261,GEN,31684,45568,0.0
1783291261,BROWSER,31707,96464,0.0
1783291261,LIVE,31698,63856,0.1
1783291261,CHROMIUM,31734,80128,0.0
1783291261,CHROMIUM,31735,134496,95.1
1783291261,CHROMIUM,31736,42192,0.0
1783291321,SERVE,31694,49136,0.1
1783291321,GEN,31684,45600,0.0
1783291321,BROWSER,31707,96496,0.0
1783291321,LIVE,31698,64176,0.1
1783291321,CHROMIUM,31734,80144,0.0
1783291321,CHROMIUM,31735,134752,99.6
1783291321,CHROMIUM,31736,42192,0.0
1783291381,SERVE,31694,49312,0.1
1783291381,GEN,31684,45680,0.0
1783291381,BROWSER,31707,96496,0.0
1783291381,LIVE,31698,64000,0.1
1783291381,CHROMIUM,31734,80144,0.0
1783291381,CHROMIUM,31735,140416,99.4
1783291381,CHROMIUM,31736,42192,0.0
1783291441,SERVE,31694,48960,0.1
1783291441,GEN,31684,45712,0.0
1783291441,BROWSER,31707,96464,0.1
1783291441,LIVE,31698,63744,0.1
1783291441,CHROMIUM,31734,80144,0.0
1783291441,CHROMIUM,31735,162384,95.3
1783291441,CHROMIUM,31736,42192,0.0
1783291501,SERVE,31694,49296,0.1
1783291501,GEN,31684,45744,0.0
1783291501,BROWSER,31707,96448,0.0
1783291501,LIVE,31698,64048,0.1
1783291501,CHROMIUM,31734,80128,0.0
1783291501,CHROMIUM,31735,139216,97.7
1783291501,CHROMIUM,31736,42192,0.0
1783291561,SERVE,31694,48896,0.1
1783291561,GEN,31684,45792,0.0
1783291561,BROWSER,31707,96512,0.0
1783291561,LIVE,31698,64064,0.1
1783291561,CHROMIUM,31734,80144,0.0
1783291561,CHROMIUM,31735,134848,97.5
1783291561,CHROMIUM,31736,42192,0.0
1783291621,SERVE,31694,49264,0.1
1783291621,GEN,31684,45824,0.0
1783291621,BROWSER,31707,96336,0.1
1783291621,LIVE,31698,64320,0.1
1783291621,CHROMIUM,31734,80144,0.0
1783291621,CHROMIUM,31735,134752,100.2
1783291621,CHROMIUM,31736,42192,0.0
1783291682,SERVE,31694,48992,0.1
1783291682,GEN,31684,45872,0.0
1783291682,BROWSER,31707,96512,0.1
1783291682,LIVE,31698,64144,0.1
1783291682,CHROMIUM,31734,80128,0.0
1783291682,CHROMIUM,31735,140320,101.9
1783291682,CHROMIUM,31736,42192,0.0
1783291742,SERVE,31694,49168,0.1
1783291742,GEN,31684,45920,0.0
1783291742,BROWSER,31707,96512,0.0
1783291742,LIVE,31698,63872,0.1
1783291742,CHROMIUM,31734,80144,0.0
1783291742,CHROMIUM,31735,134752,92.7
1783291742,CHROMIUM,31736,42192,0.0
1783291802,SERVE,31694,49312,0.1
1783291802,GEN,31684,45952,0.0
1783291802,BROWSER,31707,96512,0.0
1783291802,LIVE,31698,64240,0.1
1783291802,CHROMIUM,31734,80144,0.0
1783291802,CHROMIUM,31735,140320,93.5
1783291802,CHROMIUM,31736,42192,0.0
1783291862,SERVE,31694,49056,0.1
1783291862,GEN,31684,45984,0.0
1783291862,BROWSER,31707,96512,0.1
1783291862,LIVE,31698,64192,0.1
1783291862,CHROMIUM,31734,80128,0.0
1783291862,CHROMIUM,31735,135264,92.8
1783291862,CHROMIUM,31736,42192,0.0
1783291922,SERVE,31694,49312,0.0
1783291922,GEN,31684,46016,0.0
1783291922,BROWSER,31707,96512,0.0
1783291922,LIVE,31698,64464,0.1
1783291922,CHROMIUM,31734,80144,0.0
1783291922,CHROMIUM,31735,140832,100.0
1783291922,CHROMIUM,31736,42192,0.0
1783291982,SERVE,31694,49024,0.1
1783291982,GEN,31684,46064,0.0
1783291982,BROWSER,31707,96512,0.0
1783291982,LIVE,31698,64256,0.1
1783291982,CHROMIUM,31734,80144,0.0
1783291982,CHROMIUM,31735,140288,102.0
1783291982,CHROMIUM,31736,42192,0.0
1783292042,SERVE,31694,49312,0.0
1783292042,GEN,31684,46096,0.0
1783292042,BROWSER,31707,96464,0.0
1783292042,LIVE,31698,64000,0.1
1783292042,CHROMIUM,31734,80144,0.0
1783292042,CHROMIUM,31735,152848,98.1
1783292042,CHROMIUM,31736,42192,0.0
1783292102,SERVE,31694,48992,0.1
1783292102,GEN,31684,46128,0.0
1783292102,BROWSER,31707,96512,0.1
1783292102,LIVE,31698,64336,0.1
1783292102,CHROMIUM,31734,80144,0.0
1783292102,CHROMIUM,31735,134624,99.5
1783292102,CHROMIUM,31736,42208,0.0
1783292162,SERVE,31694,49296,0.1
1783292162,GEN,31684,46192,0.0
1783292162,BROWSER,31707,96432,0.0
1783292162,LIVE,31698,64112,0.1
1783292162,CHROMIUM,31734,80128,0.0
1783292162,CHROMIUM,31735,152752,97.9
1783292162,CHROMIUM,31736,42192,0.0
1783292222,SERVE,31694,48992,0.1
1783292222,GEN,31684,45472,0.0
1783292222,BROWSER,31707,96512,0.1
1783292222,LIVE,31698,64416,0.1
1783292222,CHROMIUM,31734,80144,0.0
1783292222,CHROMIUM,31735,140192,98.8
1783292222,CHROMIUM,31736,42192,0.0
1783292282,SERVE,31694,49488,0.1
1783292282,GEN,31684,45488,0.0
1783292282,BROWSER,31707,96528,0.0
1783292282,LIVE,31698,64352,0.1
1783292282,CHROMIUM,31734,80144,0.0
1783292282,CHROMIUM,31735,134880,99.7
1783292282,CHROMIUM,31736,42192,0.0
1783292342,SERVE,31694,49008,0.1
1783292342,GEN,31684,45536,0.0
1783292342,BROWSER,31707,96496,0.0
1783292342,LIVE,31698,64640,0.1
1783292342,CHROMIUM,31734,80144,0.0
1783292342,CHROMIUM,31735,134848,100.9
1783292342,CHROMIUM,31736,42192,0.0
1783292402,SERVE,31694,49216,0.1
1783292402,GEN,31684,45568,0.0
1783292402,BROWSER,31707,96528,0.1
1783292402,LIVE,31698,64448,0.1
1783292402,CHROMIUM,31734,80144,0.0
1783292402,CHROMIUM,31735,163504,100.3
1783292402,CHROMIUM,31736,42192,0.0
1783292462,SERVE,31694,49328,0.1
1783292462,GEN,31684,45600,0.0
1783292462,BROWSER,31707,96544,0.0
1783292462,LIVE,31698,64208,0.1
1783292462,CHROMIUM,31734,80144,0.0
1783292462,CHROMIUM,31735,152624,95.7
1783292462,CHROMIUM,31736,42208,0.0
1783292522,SERVE,31694,49072,0.1
1783292522,GEN,31684,45664,0.0
1783292522,BROWSER,31707,96512,0.1
1783292522,LIVE,31698,64592,0.1
1783292522,CHROMIUM,31734,80144,0.0
1783292522,CHROMIUM,31735,140064,100.1
1783292522,CHROMIUM,31736,42192,0.0
1783292582,SERVE,31694,49328,0.1
1783292582,GEN,31684,45712,0.0
1783292582,BROWSER,31707,96512,0.0
1783292582,LIVE,31698,64544,0.1
1783292582,CHROMIUM,31734,80144,0.0
1783292582,CHROMIUM,31735,146272,93.0
1783292582,CHROMIUM,31736,42192,0.0
1783292642,SERVE,31694,48960,0.1
1783292642,GEN,31684,45744,0.0
1783292642,BROWSER,31707,96544,0.1
1783292642,LIVE,31698,64800,0.1
1783292642,CHROMIUM,31734,80144,0.0
1783292642,CHROMIUM,31735,152624,101.5
1783292642,CHROMIUM,31736,42192,0.0
1783292702,SERVE,31694,49312,0.1
1783292702,GEN,31684,45776,0.0
1783292702,BROWSER,31707,96512,0.0
1783292702,LIVE,31698,64608,0.1
1783292702,CHROMIUM,31734,80144,0.0
1783292702,CHROMIUM,31735,134496,104.4
1783292702,CHROMIUM,31736,42192,0.0
1783292762,SERVE,31694,49008,0.1
1783292762,GEN,31684,45824,0.0
1783292762,BROWSER,31707,96544,0.0
1783292762,LIVE,31698,64400,0.1
1783292762,CHROMIUM,31734,80144,0.0
1783292762,CHROMIUM,31735,134496,99.7
1783292762,CHROMIUM,31736,42192,0.0
1783292823,SERVE,31694,49264,0.0
1783292823,GEN,31684,45872,0.0
1783292823,BROWSER,31707,96512,0.0
1783292823,LIVE,31698,64832,0.1
1783292823,CHROMIUM,31734,80128,0.0
1783292823,CHROMIUM,31735,140064,96.7
1783292823,CHROMIUM,31736,42192,0.0
1783292883,SERVE,31694,49008,0.1
1783292883,GEN,31684,45904,0.0
1783292883,BROWSER,31707,96544,0.0
1783292883,LIVE,31698,64736,0.1
1783292883,CHROMIUM,31734,80128,0.0
1783292883,CHROMIUM,31735,143984,101.2
1783292883,CHROMIUM,31736,42192,0.0
1783292943,SERVE,31694,49216,0.1
1783292943,GEN,31684,45936,0.0
1783292943,BROWSER,31707,96544,0.1
1783292943,LIVE,31698,64992,0.1
1783292943,CHROMIUM,31734,80144,0.0
1783292943,CHROMIUM,31735,140064,95.1
1783292943,CHROMIUM,31736,42192,0.0
1783293003,SERVE,31694,49328,0.1
1783293003,GEN,31684,45968,0.0
1783293003,BROWSER,31707,96528,0.0
1783293003,LIVE,31698,64800,0.1
1783293003,CHROMIUM,31734,80144,0.0
1783293003,CHROMIUM,31735,140064,101.1
1783293003,CHROMIUM,31736,42192,0.0
1783293063,SERVE,31694,49152,0.1
1783293063,GEN,31684,46000,0.0
1783293063,BROWSER,31707,96560,0.0
1783293063,LIVE,31698,64560,0.1
1783293063,CHROMIUM,31734,80144,0.0
1783293063,CHROMIUM,31735,139296,103.1
1783293063,CHROMIUM,31736,42192,0.0
1783293123,SERVE,31694,49328,0.1
1783293123,GEN,31684,46032,0.0
1783293123,BROWSER,31707,96560,0.0
1783293123,LIVE,31698,64880,0.1
1783293123,CHROMIUM,31734,80144,0.0
1783293123,CHROMIUM,31735,151856,105.4
1783293123,CHROMIUM,31736,42192,0.0
1783293183,SERVE,31694,49056,0.1
1783293183,GEN,31684,46064,0.0
1783293183,BROWSER,31707,96560,0.1
1783293183,LIVE,31698,64672,0.1
1783293183,CHROMIUM,31734,80144,0.0
1783293183,CHROMIUM,31735,139296,105.3
1783293183,CHROMIUM,31736,42208,0.0
1783293243,SERVE,31694,49328,0.1
1783293243,GEN,31684,46096,0.0
1783293243,BROWSER,31707,96560,0.0
1783293243,LIVE,31698,64992,0.1
1783293243,CHROMIUM,31734,80144,0.0
1783293243,CHROMIUM,31735,133728,101.3
1783293243,CHROMIUM,31736,42192,0.0
1783293303,SERVE,31694,49008,0.1
1783293303,GEN,31684,46128,0.0
1783293303,BROWSER,31707,96560,0.0
1783293303,LIVE,31698,64880,0.1
1783293303,CHROMIUM,31734,80144,0.0
1783293303,CHROMIUM,31735,133216,103.8
1783293303,CHROMIUM,31736,42192,0.0
1783293363,SERVE,31694,49328,0.1
1783293363,GEN,31684,46160,0.0
1783293363,BROWSER,31707,96576,0.0
1783293363,LIVE,31698,65184,0.1
1783293363,CHROMIUM,31734,80144,0.0
1783293363,CHROMIUM,31735,139296,103.5
1783293363,CHROMIUM,31736,42192,0.0
1783293423,SERVE,31694,49008,0.0
1783293423,GEN,31684,46208,0.0
1783293423,BROWSER,31707,96576,0.0
1783293423,LIVE,31698,65040,0.1
1783293423,CHROMIUM,31734,80144,0.0
1783293423,CHROMIUM,31735,133728,102.0
1783293423,CHROMIUM,31736,42192,0.0
1783293483,SERVE,31694,49296,0.1
1783293483,GEN,31684,45488,0.0
1783293483,BROWSER,31707,96576,0.0
1783293483,LIVE,31698,65264,0.1
1783293483,CHROMIUM,31734,80176,0.0
1783293483,CHROMIUM,31735,133216,104.8
1783293483,CHROMIUM,31736,42192,0.0
1783293543,SERVE,31694,49008,0.1
1783293543,GEN,31684,45504,0.0
1783293543,BROWSER,31707,96544,0.0
1783293543,LIVE,31698,65056,0.1
1783293543,CHROMIUM,31734,80128,0.0
1783293543,CHROMIUM,31735,152624,98.7
1783293543,CHROMIUM,31736,42192,0.0
1783293603,SERVE,31694,49264,0.0
1783293603,GEN,31684,45552,0.0
1783293603,BROWSER,31707,100208,0.0
1783293603,LIVE,31698,65296,0.1
1783293603,CHROMIUM,31734,80192,0.0
1783293603,CHROMIUM,31735,140448,101.3
1783293603,CHROMIUM,31736,42192,0.0
1783293663,SERVE,31694,49008,0.1
1783293663,GEN,31684,45600,0.0
1783293663,BROWSER,31707,100176,0.0
1783293663,LIVE,31698,65104,0.1
1783293663,CHROMIUM,31734,80176,0.0
1783293663,CHROMIUM,31735,139680,97.4
1783293663,CHROMIUM,31736,42192,0.0
1783293723,SERVE,31694,49232,0.1
1783293723,GEN,31684,45648,0.0
1783293723,BROWSER,31707,100208,0.0
1783293723,LIVE,31698,64896,0.1
1783293723,CHROMIUM,31734,80224,0.0
1783293723,CHROMIUM,31735,134240,100.6
1783293723,CHROMIUM,31736,42176,0.0
1783293783,SERVE,31694,49008,0.1
1783293783,GEN,31684,45680,0.0
1783293783,BROWSER,31707,100208,0.0
1783293783,LIVE,31698,65232,0.1
1783293783,CHROMIUM,31734,80224,0.0
1783293783,CHROMIUM,31735,152240,97.3
1783293783,CHROMIUM,31736,42176,0.0
1783293843,SERVE,31694,49200,0.1
1783293843,GEN,31684,45712,0.0
1783293843,BROWSER,31707,100208,0.0
1783293843,LIVE,31698,65152,0.1
1783293843,CHROMIUM,31734,80176,0.0
1783293843,CHROMIUM,31735,153648,109.7
1783293843,CHROMIUM,31736,42192,0.0
1783293903,SERVE,31694,49008,0.1
1783293903,GEN,31684,45776,0.0
1783293903,BROWSER,31707,100208,0.1
1783293903,LIVE,31698,65424,0.1
1783293903,CHROMIUM,31734,80192,0.0
1783293903,CHROMIUM,31735,139808,93.6
1783293903,CHROMIUM,31736,42192,0.0
1783293964,SERVE,31694,49168,0.1
1783293964,GEN,31684,45824,0.0
1783293964,BROWSER,31707,100208,0.1
1783293964,LIVE,31698,65200,0.1
1783293964,CHROMIUM,31734,80192,0.0
1783293964,CHROMIUM,31735,152240,100.8
1783293964,CHROMIUM,31736,42192,0.0
1783294024,SERVE,31694,49328,0.1
1783294024,GEN,31684,45872,0.0
1783294024,BROWSER,31707,100208,0.0
1783294024,LIVE,31698,64928,0.1
1783294024,CHROMIUM,31734,80192,0.0
1783294024,CHROMIUM,31735,152240,100.1
1783294024,CHROMIUM,31736,42192,0.0
1783294084,SERVE,31694,49152,0.1
1783294084,GEN,31684,45936,0.0
1783294084,BROWSER,31707,100208,0.0
1783294084,LIVE,31698,65248,0.1
1783294084,CHROMIUM,31734,80192,0.0
1783294084,CHROMIUM,31735,139680,95.7
1783294084,CHROMIUM,31736,42192,0.0
1783294144,SERVE,31694,49328,0.1
1783294144,GEN,31684,45968,0.0
1783294144,BROWSER,31707,100208,0.1
1783294144,LIVE,31698,65184,0.1
1783294144,CHROMIUM,31734,80192,0.0
1783294144,CHROMIUM,31735,134240,96.7
1783294144,CHROMIUM,31736,42192,0.0
1783294204,SERVE,31694,49152,0.1
1783294204,GEN,31684,46016,0.0
1783294204,BROWSER,31707,100208,0.0
1783294204,LIVE,31698,65520,0.2
1783294204,CHROMIUM,31734,80176,0.0
1783294204,CHROMIUM,31735,134240,103.3
1783294204,CHROMIUM,31736,42208,0.0
1783294264,SERVE,31694,49328,0.1
1783294264,GEN,31684,46048,0.0
1783294264,BROWSER,31707,100176,0.0
1783294264,LIVE,31698,65360,0.1
1783294264,CHROMIUM,31734,80192,0.0
1783294264,CHROMIUM,31735,139808,96.9
1783294264,CHROMIUM,31736,42208,0.0
1783294324,SERVE,31694,49136,0.1
1783294324,GEN,31684,46080,0.0
1783294324,BROWSER,31707,100208,0.0
1783294324,LIVE,31698,65616,0.1
1783294324,CHROMIUM,31734,80192,0.0
1783294324,CHROMIUM,31735,152368,96.2
1783294324,CHROMIUM,31736,42208,0.0
1783294384,SERVE,31694,49328,0.1
1783294384,GEN,31684,46112,0.0
1783294384,BROWSER,31707,100208,0.0
1783294384,LIVE,31698,65424,0.1
1783294384,CHROMIUM,31734,80192,0.0
1783294384,CHROMIUM,31735,133984,99.3
1783294384,CHROMIUM,31736,42208,0.0
1783294444,SERVE,31694,49072,0.1
1783294444,GEN,31684,46176,0.0
1783294444,BROWSER,31707,100176,0.0
1783294444,LIVE,31698,65152,0.1
1783294444,CHROMIUM,31734,80192,0.0
1783294444,CHROMIUM,31735,133984,100.9
1783294444,CHROMIUM,31736,42208,0.0
1783294504,SERVE,31694,49552,0.1
1783294504,GEN,31684,46240,0.0
1783294504,BROWSER,31707,100208,0.0
1783294504,LIVE,31698,65504,0.1
1783294504,CHROMIUM,31734,80192,0.0
1783294504,CHROMIUM,31735,139552,98.0
1783294504,CHROMIUM,31736,42208,0.0
1783294564,SERVE,31694,49328,0.1
1783294564,GEN,31684,46272,0.0
1783294564,BROWSER,31707,100208,0.0
1783294564,LIVE,31698,65472,0.1
1783294564,CHROMIUM,31734,80176,0.0
1783294564,CHROMIUM,31735,133984,99.0
1783294564,CHROMIUM,31736,42192,0.0
1783294624,SERVE,31694,49328,0.1
1783294624,GEN,31684,45568,0.0
1783294624,BROWSER,31707,100176,0.0
1783294624,LIVE,31698,65728,0.1
1783294624,CHROMIUM,31734,80192,0.0
1783294624,CHROMIUM,31735,152112,96.7
1783294624,CHROMIUM,31736,42192,0.0
1783294684,SERVE,31694,48992,0.1
1783294684,GEN,31684,45600,0.0
1783294684,BROWSER,31707,100208,0.0
1783294684,LIVE,31698,65520,0.1
1783294684,CHROMIUM,31734,80192,0.0
1783294684,CHROMIUM,31735,133984,98.6
1783294684,CHROMIUM,31736,42192,0.0
1783294744,SERVE,31694,49328,0.1
1783294744,GEN,31684,45648,0.0
1783294744,BROWSER,31707,100208,0.0
1783294744,LIVE,31698,65264,0.1
1783294744,CHROMIUM,31734,80176,0.0
1783294744,CHROMIUM,31735,139552,96.6
1783294744,CHROMIUM,31736,42192,0.0
1783294804,SERVE,31694,49008,0.1
1783294804,GEN,31684,45696,0.0
1783294804,BROWSER,31707,100208,0.0
1783294804,LIVE,31698,65552,0.1
1783294804,CHROMIUM,31734,80176,0.0
1783294804,CHROMIUM,31735,139552,97.2
1783294804,CHROMIUM,31736,42192,0.0
1783294864,SERVE,31694,49312,0.1
1783294864,GEN,31684,45744,0.0
1783294864,BROWSER,31707,100208,0.0
1783294864,LIVE,31698,65392,0.1
1783294864,CHROMIUM,31734,80160,0.0
1783294864,CHROMIUM,31735,133984,97.9
1783294864,CHROMIUM,31736,42192,0.0
1783294924,SERVE,31694,49008,0.1
1783294924,GEN,31684,45776,0.0
1783294924,BROWSER,31707,100176,0.1
1783294924,LIVE,31698,65632,0.1
1783294924,CHROMIUM,31734,80160,0.0
1783294924,CHROMIUM,31735,133984,102.9
1783294924,CHROMIUM,31736,42192,0.0
1783294984,SERVE,31694,49280,0.1
1783294984,GEN,31684,45808,0.0
1783294984,BROWSER,31707,100176,0.1
1783294984,LIVE,31698,65504,0.1
1783294984,CHROMIUM,31734,80192,0.0
1783294984,CHROMIUM,31735,151472,97.4
1783294984,CHROMIUM,31736,42192,0.0
1783295044,SERVE,31694,49008,0.1
1783295044,GEN,31684,45840,0.0
1783295044,BROWSER,31707,100208,0.0
1783295044,LIVE,31698,65776,0.1
1783295044,CHROMIUM,31734,80192,0.0
1783295044,CHROMIUM,31735,152112,102.0
1783295044,CHROMIUM,31736,42192,0.0
1783295105,SERVE,31694,49184,0.1
1783295105,GEN,31684,45872,0.0
1783295105,BROWSER,31707,100208,0.0
1783295105,LIVE,31698,65552,0.1
1783295105,CHROMIUM,31734,80192,0.0
1783295105,CHROMIUM,31735,169872,101.1
1783295105,CHROMIUM,31736,42192,0.0
1783295165,SERVE,31694,49328,0.0
1783295165,GEN,31684,45904,0.0
1783295165,BROWSER,31707,100208,0.0
1783295165,LIVE,31698,65776,0.1
1783295165,CHROMIUM,31734,80192,0.0
1783295165,CHROMIUM,31735,140448,101.7
1783295165,CHROMIUM,31736,42192,0.0
1783295225,SERVE,31694,49136,0.1
1783295225,GEN,31684,45952,0.0
1783295225,BROWSER,31707,100176,0.1
1783295225,LIVE,31698,65552,0.1
1783295225,CHROMIUM,31734,80176,0.0
1783295225,CHROMIUM,31735,152112,99.0
1783295225,CHROMIUM,31736,42192,0.0
1783295285,SERVE,31694,49344,0.1
1783295285,GEN,31684,45984,0.0
1783295285,BROWSER,31707,100208,0.0
1783295285,LIVE,31698,65264,0.1
1783295285,CHROMIUM,31734,80176,0.0
1783295285,CHROMIUM,31735,143472,94.1
1783295285,CHROMIUM,31736,42192,0.0
1783295345,SERVE,31694,49024,0.1
1783295345,GEN,31684,46032,0.0
1783295345,BROWSER,31707,100208,0.0
1783295345,LIVE,31698,65616,0.1
1783295345,CHROMIUM,31734,80192,0.0
1783295345,CHROMIUM,31735,139552,100.0
1783295345,CHROMIUM,31736,42192,0.0
1783295405,SERVE,31694,49344,0.1
1783295405,GEN,31684,46064,0.0
1783295405,BROWSER,31707,100192,0.0
1783295405,LIVE,31698,65488,0.1
1783295405,CHROMIUM,31734,80192,0.0
1783295405,CHROMIUM,31735,139552,99.4
1783295405,CHROMIUM,31736,42192,0.0
1783295465,SERVE,31694,49024,0.1
1783295465,GEN,31684,46096,0.0
1783295465,BROWSER,31707,100224,0.0
1783295465,LIVE,31698,65744,0.1
1783295465,CHROMIUM,31734,80176,0.0
1783295465,CHROMIUM,31735,134112,102.8
1783295465,CHROMIUM,31736,42192,0.0
1783295525,SERVE,31694,49328,0.0
1783295525,GEN,31684,46160,0.0
1783295525,BROWSER,31707,100192,0.0
1783295525,LIVE,31698,65808,0.1
1783295525,CHROMIUM,31734,80192,0.0
1783295525,CHROMIUM,31735,139552,101.0
1783295525,CHROMIUM,31736,42192,0.0
1783295585,SERVE,31694,49024,0.1
1783295585,GEN,31684,46192,0.0
1783295585,BROWSER,31707,100224,0.0
1783295585,LIVE,31698,66032,0.1
1783295585,CHROMIUM,31734,80192,0.0
1783295585,CHROMIUM,31735,133984,102.8
1783295585,CHROMIUM,31736,42192,0.0
1783295645,SERVE,31694,49264,0.1
1783295645,GEN,31684,46208,0.0
1783295645,BROWSER,31707,100192,0.0
1783295645,LIVE,31698,65808,0.1
1783295645,CHROMIUM,31734,80192,0.0
1783295645,CHROMIUM,31735,134880,103.7
1783295645,CHROMIUM,31736,42192,0.0
1783295705,SERVE,31694,49024,0.1
1783295705,GEN,31684,46288,0.0
1783295705,BROWSER,31707,100224,0.0
1783295705,LIVE,31698,65536,0.1
1783295705,CHROMIUM,31734,80192,0.0
1783295705,CHROMIUM,31735,139680,101.9
1783295705,CHROMIUM,31736,42192,0.0
1783295765,SERVE,31694,49200,0.1
1783295765,GEN,31684,46320,0.0
1783295765,BROWSER,31707,100224,0.0
1783295765,LIVE,31698,65824,0.1
1783295765,CHROMIUM,31734,80192,0.0
1783295765,CHROMIUM,31735,139680,102.6
1783295765,CHROMIUM,31736,42192,0.0
1783295825,SERVE,31694,49344,0.0
1783295825,GEN,31684,45616,0.0
1783295825,BROWSER,31707,100224,0.0
1783295825,LIVE,31698,65680,0.1
1783295825,CHROMIUM,31734,80192,0.0
1783295825,CHROMIUM,31735,139680,100.3
1783295825,CHROMIUM,31736,42192,0.0
1783295885,SERVE,31694,49168,0.1
1783295885,GEN,31684,45632,0.0
1783295885,BROWSER,31707,100192,0.0
1783295885,LIVE,31698,65952,0.1
1783295885,CHROMIUM,31734,80176,0.0
1783295885,CHROMIUM,31735,139552,97.4
1783295885,CHROMIUM,31736,42192,0.0
1783295945,SERVE,31694,49344,0.1
1783295945,GEN,31684,45680,0.0
1783295945,BROWSER,31707,100224,0.0
1783295945,LIVE,31698,65856,0.1
1783295945,CHROMIUM,31734,80176,0.0
1783295945,CHROMIUM,31735,133984,98.1
1783295945,CHROMIUM,31736,42192,0.0
1783296005,SERVE,31694,49088,0.1
1783296005,GEN,31684,45712,0.0
1783296005,BROWSER,31707,100224,0.0
1783296005,LIVE,31698,66112,0.1
1783296005,CHROMIUM,31734,80160,0.0
1783296005,CHROMIUM,31735,139552,93.8
1783296005,CHROMIUM,31736,42192,0.0
1783296065,SERVE,31694,49344,0.1
1783296065,GEN,31684,45744,0.0
1783296065,BROWSER,31707,100240,0.1
1783296065,LIVE,31698,66256,0.1
1783296065,CHROMIUM,31734,80128,0.0
1783296065,CHROMIUM,31735,139680,97.7
1783296065,CHROMIUM,31736,42192,0.0
1783296125,SERVE,31694,49168,0.1
1783296125,GEN,31684,45776,0.0
1783296125,BROWSER,31707,100016,0.1
1783296125,LIVE,31698,66224,0.1
1783296125,CHROMIUM,31734,80128,0.0
1783296125,CHROMIUM,31735,134112,108.4
1783296125,CHROMIUM,31736,42192,0.0
1783296185,SERVE,31694,49344,0.1
1783296185,GEN,31684,45808,0.0
1783296185,BROWSER,31707,100240,0.0
1783296185,LIVE,31698,66032,0.1
1783296185,CHROMIUM,31734,80128,0.0
1783296185,CHROMIUM,31735,135648,94.1
1783296185,CHROMIUM,31736,42192,0.0
1783296246,SERVE,31694,49200,0.1
1783296246,BROWSER,31707,100048,0.0
1783296246,LIVE,31698,65776,0.1
1783296246,CHROMIUM,31734,80112,0.0
1783296246,CHROMIUM,31735,139680,101.1
1783296246,CHROMIUM,31736,42192,0.0
1783296306,SERVE,31694,49024,0.1
1783296306,BROWSER,31707,100240,0.1
1783296306,LIVE,31698,66080,0.1
1783296306,CHROMIUM,31734,80128,0.0
1783296306,CHROMIUM,31735,152240,101.1
1783296306,CHROMIUM,31736,42192,0.0
1783296366,SERVE,31694,49264,0.1
1783296366,BROWSER,31707,100224,0.0
1783296366,LIVE,31698,65968,0.1
1783296366,CHROMIUM,31734,80128,0.0
1783296366,CHROMIUM,31735,151472,97.8
1783296366,CHROMIUM,31736,42192,0.0
1783296426,SERVE,31694,49024,0.1
1783296426,BROWSER,31707,100256,0.1
1783296426,LIVE,31698,66224,0.1
1783296426,CHROMIUM,31734,80128,0.0
1783296426,CHROMIUM,31735,133344,99.3
1783296426,CHROMIUM,31736,42192,0.0
1783296486,SERVE,31694,49248,0.1
1783296486,BROWSER,31707,100256,0.0
1783296486,LIVE,31698,66032,0.1
1783296486,CHROMIUM,31734,80128,0.0
1783296486,CHROMIUM,31735,138912,98.1
1783296486,CHROMIUM,31736,42192,0.0
1783296546,SERVE,31694,49024,0.1
1783296546,BROWSER,31707,100224,0.0
1783296546,LIVE,31698,66256,0.1
1783296546,CHROMIUM,31734,80112,0.0
1783296546,CHROMIUM,31735,160976,98.7
1783296546,CHROMIUM,31736,42192,0.0
1783296606,SERVE,31694,49264,0.1
1783296606,BROWSER,31707,100256,0.1
1783296606,LIVE,31698,66032,0.1
1783296606,CHROMIUM,31734,80112,0.0
1783296606,CHROMIUM,31735,133344,101.9
1783296606,CHROMIUM,31736,42192,0.0
