combo,READ,failDefault,tauActiveSec,repCap,testResolveMinS,silence_peakT,silence_dutyLt30,silence_dutyRS,silence_rainR,silence_stuck,silence_resolve,silence_opp,silence_pass,silence_viol,smooth_peakT,smooth_dutyLt30,smooth_dutyRS,smooth_rainR,smooth_stuck,smooth_resolve,smooth_opp,smooth_pass,smooth_viol,busy_peakT,busy_dutyLt30,busy_dutyRS,busy_rainR,busy_stuck,busy_resolve,busy_opp,busy_pass,busy_viol,jam_peakT,jam_dutyLt30,jam_dutyRS,jam_rainR,jam_stuck,jam_resolve,jam_opp,jam_pass,jam_viol,storm_peakT,storm_dutyLt30,storm_dutyRS,storm_rainR,storm_stuck,storm_resolve,storm_opp,storm_pass,storm_viol,allGreen,totalViol
0,0.15,0.3,120,4,0.2,0.0000,1.0000,0.0000,0.000,0,0,0,1,0.0000,0.4048,0.9895,0.0000,0.000,0,0,4,1,0.0000,0.3611,0.9970,0.0000,0.000,0,0,4,1,0.0000,0.5524,0.9824,0.0030,0.007,2,2,2,1,0.0000,0.7140,0.8771,0.0826,0.194,9,0,2,0,0.0674,0,0.0674
1,0.15,0.3,120,4,0.3,0.0000,1.0000,0.0000,0.000,0,0,0,1,0.0000,0.4048,0.9895,0.0000,0.000,0,0,4,1,0.0000,0.3611,0.9970,0.0000,0.000,0,0,4,1,0.0000,0.5524,0.9824,0.0030,0.007,2,2,2,1,0.0000,0.7140,0.8771,0.0826,0.194,9,0,2,0,0.0674,0,0.0674
2,0.15,0.3,120,6,0.2,0.0000,1.0000,0.0000,0.000,0,0,0,1,0.0000,0.4048,0.9895,0.0000,0.000,0,0,4,1,0.0000,0.3611,0.9970,0.0000,0.000,0,0,4,1,0.0000,0.5524,0.9824,0.0030,0.007,2,2,2,1,0.0000,0.7791,0.8482,0.0924,0.347,9,0,2,0,0.0576,0,0.0576
3,0.15,0.3,120,6,0.3,0.0000,1.0000,0.0000,0.000,0,0,0,1,0.0000,0.4048,0.9895,0.0000,0.000,0,0,4,1,0.0000,0.3611,0.9970,0.0000,0.000,0,0,4,1,0.0000,0.5524,0.9824,0.0030,0.007,2,2,2,1,0.0000,0.7791,0.8482,0.0924,0.347,9,0,2,0,0.0576,0,0.0576
4,0.15,0.3,150,4,0.2,0.0000,1.0000,0.0000,0.000,0,0,0,1,0.0000,0.4049,0.9868,0.0000,0.000,0,0,4,1,0.0000,0.3614,0.9962,0.0000,0.000,0,0,4,1,0.0000,0.5675,0.9753,0.0054,0.010,2,2,2,1,0.0000,0.7306,0.8391,0.0826,0.262,9,0,2,0,0.0674,0,0.0674
5,0.15,0.3,150,4,0.3,0.0000,1.0000,0.0000,0.000,0,0,0,1,0.0000,0.4049,0.9868,0.0000,0.000,0,0,4,1,0.0000,0.3614,0.9962,0.0000,0.000,0,0,4,1,0.0000,0.5675,0.9753,0.0054,0.010,2,2,2,1,0.0000,0.7306,0.8391,0.0826,0.262,9,0,2,0,0.0674,0,0.0674
6,0.15,0.3,150,6,0.2,0.0000,1.0000,0.0000,0.000,0,0,0,1,0.0000,0.4049,0.9868,0.0000,0.000,0,0,4,1,0.0000,0.3614,0.9962,0.0000,0.000,0,0,4,1,0.0000,0.5675,0.9753,0.0054,0.010,2,2,2,1,0.0000,0.7942,0.8330,0.0970,0.696,9,0,2,0,0.0530,0,0.0530
7,0.15,0.3,150,6,0.3,0.0000,1.0000,0.0000,0.000,0,0,0,1,0.0000,0.4049,0.9868,0.0000,0.000,0,0,4,1,0.0000,0.3614,0.9962,0.0000,0.000,0,0,4,1,0.0000,0.5675,0.9753,0.0054,0.010,2,2,2,1,0.0000,0.7942,0.8330,0.0970,0.696,9,0,2,0,0.0530,0,0.0530
8,0.15,0.3,180,4,0.2,0.0000,1.0000,0.0000,0.000,0,0,0,1,0.0000,0.4049,0.9840,0.0000,0.000,0,0,4,0,0.0010,0.3615,0.9954,0.0000,0.000,0,0,4,1,0.0000,0.5790,0.9677,0.0080,0.013,2,2,2,1,0.0000,0.7419,0.8228,0.0826,0.397,9,0,2,0,0.0674,0,0.0684
9,0.15,0.3,180,4,0.3,0.0000,1.0000,0.0000,0.000,0,0,0,1,0.0000,0.4049,0.9840,0.0000,0.000,0,0,4,0,0.0010,0.3615,0.9954,0.0000,0.000,0,0,4,1,0.0000,0.5790,0.9677,0.0080,0.013,2,2,2,1,0.0000,0.7419,0.8228,0.0826,0.397,9,0,2,0,0.0674,0,0.0684
10,0.15,0.3,180,6,0.2,0.0000,1.0000,0.0000,0.000,0,0,0,1,0.0000,0.4049,0.9840,0.0000,0.000,0,0,4,0,0.0010,0.3615,0.9954,0.0000,0.000,0,0,4,1,0.0000,0.5790,0.9677,0.0080,0.013,2,2,2,1,0.0000,0.8043,0.7382,0.1268,1.103,9,0,2,0,0.0232,0,0.0241
11,0.15,0.3,180,6,0.3,0.0000,1.0000,0.0000,0.000,0,0,0,1,0.0000,0.4049,0.9840,0.0000,0.000,0,0,4,0,0.0010,0.3615,0.9954,0.0000,0.000,0,0,4,1,0.0000,0.5790,0.9677,0.0080,0.013,2,2,2,1,0.0000,0.8043,0.7382,0.1268,1.103,9,0,2,0,0.0232,0,0.0241
12,0.15,0.4,120,4,0.2,0.0000,1.0000,0.0000,0.000,0,0,0,1,0.0000,0.4048,0.9895,0.0000,0.000,0,0,4,1,0.0000,0.3611,0.9970,0.0000,0.000,0,0,4,1,0.0000,0.6231,0.9674,0.0108,0.022,2,2,2,1,0.0000,0.8115,0.7958,0.0975,0.454,9,0,2,0,0.0525,0,0.0525
13,0.15,0.4,120,4,0.3,0.0000,1.0000,0.0000,0.000,0,0,0,1,0.0000,0.4048,0.9895,0.0000,0.000,0,0,4,1,0.0000,0.3611,0.9970,0.0000,0.000,0,0,4,1,0.0000,0.6231,0.9674,0.0108,0.022,2,2,2,1,0.0000,0.8115,0.7958,0.0975,0.454,9,0,2,0,0.0525,0,0.0525
14,0.15,0.4,120,6,0.2,0.0000,1.0000,0.0000,0.000,0,0,0,1,0.0000,0.4048,0.9895,0.0000,0.000,0,0,4,1,0.0000,0.3611,0.9970,0.0000,0.000,0,0,4,1,0.0000,0.6231,0.9674,0.0108,0.022,2,2,2,1,0.0000,0.8665,0.7890,0.1319,1.219,9,0,2,0,0.0181,0,0.0181
15,0.15,0.4,120,6,0.3,0.0000,1.0000,0.0000,0.000,0,0,0,1,0.0000,0.4048,0.9895,0.0000,0.000,0,0,4,1,0.0000,0.3611,0.9970,0.0000,0.000,0,0,4,1,0.0000,0.6231,0.9674,0.0108,0.022,2,2,2,1,0.0000,0.8665,0.7890,0.1319,1.219,9,0,2,0,0.0181,0,0.0181
16,0.15,0.4,150,4,0.2,0.0000,1.0000,0.0000,0.000,0,0,0,1,0.0000,0.4049,0.9868,0.0000,0.000,0,0,4,1,0.0000,0.3614,0.9962,0.0000,0.000,0,0,4,1,0.0000,0.6400,0.9554,0.0156,0.028,2,2,2,1,0.0000,0.8260,0.7612,0.1133,1.057,9,0,2,0,0.0367,0,0.0367
17,0.15,0.4,150,4,0.3,0.0000,1.0000,0.0000,0.000,0,0,0,1,0.0000,0.4049,0.9868,0.0000,0.000,0,0,4,1,0.0000,0.3614,0.9962,0.0000,0.000,0,0,4,1,0.0000,0.6400,0.9554,0.0156,0.028,2,2,2,1,0.0000,0.8260,0.7612,0.1133,1.057,9,0,2,0,0.0367,0,0.0367
18,0.15,0.4,150,6,0.2,0.0000,1.0000,0.0000,0.000,0,0,0,1,0.0000,0.4049,0.9868,0.0000,0.000,0,0,4,1,0.0000,0.3614,0.9962,0.0000,0.000,0,0,4,1,0.0000,0.6400,0.9554,0.0156,0.028,2,2,2,1,0.0000,0.8785,0.6841,0.1449,1.876,9,0,2,0,0.0051,0,0.0051
19,0.15,0.4,150,6,0.3,0.0000,1.0000,0.0000,0.000,0,0,0,1,0.0000,0.4049,0.9868,0.0000,0.000,0,0,4,1,0.0000,0.3614,0.9962,0.0000,0.000,0,0,4,1,0.0000,0.6400,0.9554,0.0156,0.028,2,2,2,1,0.0000,0.8785,0.6841,0.1449,1.876,9,0,2,0,0.0051,0,0.0051
20,0.15,0.4,180,4,0.2,0.0000,1.0000,0.0000,0.000,0,0,0,1,0.0000,0.4049,0.9840,0.0000,0.000,0,0,4,0,0.0010,0.3615,0.9954,0.0000,0.000,0,0,4,1,0.0000,0.6527,0.9444,0.0215,0.031,2,2,2,1,0.0000,0.8356,0.6578,0.1397,1.480,9,0,2,0,0.0103,0,0.0113
21,0.15,0.4,180,4,0.3,0.0000,1.0000,0.0000,0.000,0,0,0,1,0.0000,0.4049,0.9840,0.0000,0.000,0,0,4,0,0.0010,0.3615,0.9954,0.0000,0.000,0,0,4,1,0.0000,0.6527,0.9444,0.0215,0.031,2,2,2,1,0.0000,0.8356,0.6578,0.1397,1.480,9,0,2,0,0.0103,0,0.0113
22,0.15,0.4,180,6,0.2,0.0000,1.0000,0.0000,0.000,0,0,0,1,0.0000,0.4049,0.9840,0.0000,0.000,0,0,4,0,0.0010,0.3615,0.9954,0.0000,0.000,0,0,4,1,0.0000,0.6527,0.9444,0.0215,0.031,2,2,2,1,0.0000,0.8864,0.6543,0.1527,2.346,9,0,2,1,0.0000,0,0.0010
23,0.15,0.4,180,6,0.3,0.0000,1.0000,0.0000,0.000,0,0,0,1,0.0000,0.4049,0.9840,0.0000,0.000,0,0,4,0,0.0010,0.3615,0.9954,0.0000,0.000,0,0,4,1,0.0000,0.6527,0.9444,0.0215,0.031,2,2,2,1,0.0000,0.8864,0.6543,0.1527,2.346,9,0,2,1,0.0000,0,0.0010
24,0.15,0.5,120,4,0.2,0.0000,1.0000,0.0000,0.000,0,0,0,1,0.0000,0.4048,0.9895,0.0000,0.000,0,0,4,1,0.0000,0.3611,0.9970,0.0000,0.000,0,0,4,1,0.0000,0.7047,0.9510,0.0241,0.051,2,2,2,1,0.0000,0.8758,0.7423,0.1442,1.356,9,0,2,0,0.0058,0,0.0058
25,0.15,0.5,120,4,0.3,0.0000,1.0000,0.0000,0.000,0,0,0,1,0.0000,0.4048,0.9895,0.0000,0.000,0,0,4,1,0.0000,0.3611,0.9970,0.0000,0.000,0,0,4,1,0.0000,0.7047,0.9510,0.0241,0.051,2,2,2,1,0.0000,0.8758,0.7423,0.1442,1.356,9,0,2,0,0.0058,0,0.0058
26,0.15,0.5,120,6,0.2,0.0000,1.0000,0.0000,0.000,0,0,0,1,0.0000,0.4048,0.9895,0.0000,0.000,0,0,4,1,0.0000,0.3611,0.9970,0.0000,0.000,0,0,4,1,0.0000,0.7047,0.9510,0.0241,0.051,2,2,2,1,0.0000,0.9193,0.6648,0.1469,2.278,9,0,2,1,0.0000,1,0.0000
27,0.15,0.5,120,6,0.3,0.0000,1.0000,0.0000,0.000,0,0,0,1,0.0000,0.4048,0.9895,0.0000,0.000,0,0,4,1,0.0000,0.3611,0.9970,0.0000,0.000,0,0,4,1,0.0000,0.7047,0.9510,0.0241,0.051,2,2,2,1,0.0000,0.9193,0.6648,0.1469,2.278,9,0,2,1,0.0000,1,0.0000
28,0.15,0.5,150,4,0.2,0.0000,1.0000,0.0000,0.000,0,0,0,1,0.0000,0.4049,0.9868,0.0000,0.000,0,0,4,1,0.0000,0.3614,0.9962,0.0000,0.000,0,0,4,1,0.0000,0.7212,0.9410,0.0331,0.066,2,2,2,1,0.0000,0.8876,0.5930,0.1516,2.025,9,0,2,1,0.0000,1,0.0000
29,0.15,0.5,150,4,0.3,0.0000,1.0000,0.0000,0.000,0,0,0,1,0.0000,0.4049,0.9868,0.0000,0.000,0,0,4,1,0.0000,0.3614,0.9962,0.0000,0.000,0,0,4,1,0.0000,0.7212,0.9410,0.0331,0.066,2,2,2,1,0.0000,0.8876,0.5930,0.1516,2.025,9,0,2,1,0.0000,1,0.0000
30,0.15,0.5,150,6,0.2,0.0000,1.0000,0.0000,0.000,0,0,0,1,0.0000,0.4049,0.9868,0.0000,0.000,0,0,4,1,0.0000,0.3614,0.9962,0.0000,0.000,0,0,4,1,0.0000,0.7212,0.9410,0.0331,0.066,2,2,2,1,0.0000,0.9282,0.5919,0.2453,3.095,9,0,2,0,0.0082,0,0.0082
31,0.15,0.5,150,6,0.3,0.0000,1.0000,0.0000,0.000,0,0,0,1,0.0000,0.4049,0.9868,0.0000,0.000,0,0,4,1,0.0000,0.3614,0.9962,0.0000,0.000,0,0,4,1,0.0000,0.7212,0.9410,0.0331,0.066,2,2,2,1,0.0000,0.9282,0.5919,0.2453,3.095,9,0,2,0,0.0082,0,0.0082
32,0.15,0.5,180,4,0.2,0.0000,1.0000,0.0000,0.000,0,0,0,1,0.0000,0.4049,0.9840,0.0000,0.000,0,0,4,0,0.0010,0.3615,0.9954,0.0000,0.000,0,0,4,1,0.0000,0.7334,0.9325,0.0424,0.083,2,2,2,1,0.0000,0.8953,0.4985,0.1780,2.507,9,0,2,1,0.0000,0,0.0010
33,0.15,0.5,180,4,0.3,0.0000,1.0000,0.0000,0.000,0,0,0,1,0.0000,0.4049,0.9840,0.0000,0.000,0,0,4,0,0.0010,0.3615,0.9954,0.0000,0.000,0,0,4,1,0.0000,0.7334,0.9325,0.0424,0.083,2,2,2,1,0.0000,0.8953,0.4985,0.1780,2.507,9,0,2,1,0.0000,0,0.0010
34,0.15,0.5,180,6,0.2,0.0000,1.0000,0.0000,0.000,0,0,0,1,0.0000,0.4049,0.9840,0.0000,0.000,0,0,4,0,0.0010,0.3615,0.9954,0.0000,0.000,0,0,4,1,0.0000,0.7334,0.9325,0.0424,0.083,2,2,2,1,0.0000,0.9340,0.4974,0.2547,3.667,9,0,2,0,0.0140,0,0.0150
35,0.15,0.5,180,6,0.3,0.0000,1.0000,0.0000,0.000,0,0,0,1,0.0000,0.4049,0.9840,0.0000,0.000,0,0,4,0,0.0010,0.3615,0.9954,0.0000,0.000,0,0,4,1,0.0000,0.7334,0.9325,0.0424,0.083,2,2,2,1,0.0000,0.9340,0.4974,0.2547,3.667,9,0,2,0,0.0140,0,0.0150
36,0.18,0.3,120,4,0.2,0.0000,1.0000,0.0000,0.000,0,0,0,1,0.0000,0.4048,0.9895,0.0000,0.000,0,0,4,1,0.0000,0.4159,0.9956,0.0000,0.000,0,0,4,1,0.0000,0.5524,0.9824,0.0030,0.007,2,2,2,1,0.0000,0.7773,0.8207,0.0896,0.323,9,0,2,0,0.0604,0,0.0604
37,0.18,0.3,120,4,0.3,0.0000,1.0000,0.0000,0.000,0,0,0,1,0.0000,0.4048,0.9895,0.0000,0.000,0,0,4,1,0.0000,0.4159,0.9956,0.0000,0.000,0,0,4,1,0.0000,0.5524,0.9824,0.0030,0.007,2,2,2,1,0.0000,0.7773,0.8207,0.0896,0.323,9,0,2,0,0.0604,0,0.0604
38,0.18,0.3,120,6,0.2,0.0000,1.0000,0.0000,0.000,0,0,0,1,0.0000,0.4048,0.9895,0.0000,0.000,0,0,4,1,0.0000,0.4159,0.9956,0.0000,0.000,0,0,4,1,0.0000,0.5524,0.9824,0.0030,0.007,2,2,2,1,0.0000,0.8367,0.8157,0.1248,0.796,9,0,2,0,0.0252,0,0.0252
39,0.18,0.3,120,6,0.3,0.0000,1.0000,0.0000,0.000,0,0,0,1,0.0000,0.4048,0.9895,0.0000,0.000,0,0,4,1,0.0000,0.4159,0.9956,0.0000,0.000,0,0,4,1,0.0000,0.5524,0.9824,0.0030,0.007,2,2,2,1,0.0000,0.8367,0.8157,0.1248,0.796,9,0,2,0,0.0252,0,0.0252
40,0.18,0.3,150,4,0.2,0.0000,1.0000,0.0000,0.000,0,0,0,1,0.0000,0.4049,0.9868,0.0000,0.000,0,0,4,1,0.0000,0.4162,0.9944,0.0000,0.000,0,0,4,1,0.0000,0.5675,0.9753,0.0054,0.010,2,2,2,1,0.0000,0.7927,0.7887,0.0986,0.657,9,0,2,0,0.0514,0,0.0514
41,0.18,0.3,150,4,0.3,0.0000,1.0000,0.0000,0.000,0,0,0,1,0.0000,0.4049,0.9868,0.0000,0.000,0,0,4,1,0.0000,0.4162,0.9944,0.0000,0.000,0,0,4,1,0.0000,0.5675,0.9753,0.0054,0.010,2,2,2,1,0.0000,0.7927,0.7887,0.0986,0.657,9,0,2,0,0.0514,0,0.0514
42,0.18,0.3,150,6,0.2,0.0000,1.0000,0.0000,0.000,0,0,0,1,0.0000,0.4049,0.9868,0.0000,0.000,0,0,4,1,0.0000,0.4162,0.9944,0.0000,0.000,0,0,4,1,0.0000,0.5675,0.9753,0.0054,0.010,2,2,2,1,0.0000,0.8500,0.7075,0.1281,1.420,9,0,2,0,0.0219,0,0.0219
43,0.18,0.3,150,6,0.3,0.0000,1.0000,0.0000,0.000,0,0,0,1,0.0000,0.4049,0.9868,0.0000,0.000,0,0,4,1,0.0000,0.4162,0.9944,0.0000,0.000,0,0,4,1,0.0000,0.5675,0.9753,0.0054,0.010,2,2,2,1,0.0000,0.8500,0.7075,0.1281,1.420,9,0,2,0,0.0219,0,0.0219
44,0.18,0.3,180,4,0.2,0.0000,1.0000,0.0000,0.000,0,0,0,1,0.0000,0.4049,0.9840,0.0000,0.000,0,0,4,0,0.0010,0.4163,0.9928,0.0000,0.000,0,0,4,1,0.0000,0.5790,0.9677,0.0080,0.013,2,2,2,1,0.0000,0.8031,0.6867,0.1044,1.063,9,0,2,0,0.0456,0,0.0465
45,0.18,0.3,180,4,0.3,0.0000,1.0000,0.0000,0.000,0,0,0,1,0.0000,0.4049,0.9840,0.0000,0.000,0,0,4,0,0.0010,0.4163,0.9928,0.0000,0.000,0,0,4,1,0.0000,0.5790,0.9677,0.0080,0.013,2,2,2,1,0.0000,0.8031,0.6867,0.1044,1.063,9,0,2,0,0.0456,0,0.0465
46,0.18,0.3,180,6,0.2,0.0000,1.0000,0.0000,0.000,0,0,0,1,0.0000,0.4049,0.9840,0.0000,0.000,0,0,4,0,0.0010,0.4163,0.9928,0.0000,0.000,0,0,4,1,0.0000,0.5790,0.9677,0.0080,0.013,2,2,2,1,0.0000,0.8588,0.6837,0.1385,1.861,9,0,2,0,0.0115,0,0.0125
47,0.18,0.3,180,6,0.3,0.0000,1.0000,0.0000,0.000,0,0,0,1,0.0000,0.4049,0.9840,0.0000,0.000,0,0,4,0,0.0010,0.4163,0.9928,0.0000,0.000,0,0,4,1,0.0000,0.5790,0.9677,0.0080,0.013,2,2,2,1,0.0000,0.8588,0.6837,0.1385,1.861,9,0,2,0,0.0115,0,0.0125
48,0.18,0.4,120,4,0.2,0.0000,1.0000,0.0000,0.000,0,0,0,1,0.0000,0.4048,0.9895,0.0000,0.000,0,0,4,1,0.0000,0.4159,0.9956,0.0000,0.000,0,0,4,1,0.0000,0.6231,0.9674,0.0108,0.022,2,2,2,1,0.0000,0.8650,0.7530,0.1425,1.179,9,0,2,0,0.0075,0,0.0075
49,0.18,0.4,120,4,0.3,0.0000,1.0000,0.0000,0.000,0,0,0,1,0.0000,0.4048,0.9895,0.0000,0.000,0,0,4,1,0.0000,0.4159,0.9956,0.0000,0.000,0,0,4,1,0.0000,0.6231,0.9674,0.0108,0.022,2,2,2,1,0.0000,0.8650,0.7530,0.1425,1.179,9,0,2,0,0.0075,0,0.0075
50,0.18,0.4,120,6,0.2,0.0000,1.0000,0.0000,0.000,0,0,0,1,0.0000,0.4048,0.9895,0.0000,0.000,0,0,4,1,0.0000,0.4159,0.9956,0.0000,0.000,0,0,4,1,0.0000,0.6231,0.9674,0.0108,0.022,2,2,2,1,0.0000,0.9107,0.6740,0.1456,2.045,9,0,2,1,0.0000,1,0.0000
51,0.18,0.4,120,6,0.3,0.0000,1.0000,0.0000,0.000,0,0,0,1,0.0000,0.4048,0.9895,0.0000,0.000,0,0,4,1,0.0000,0.4159,0.9956,0.0000,0.000,0,0,4,1,0.0000,0.6231,0.9674,0.0108,0.022,2,2,2,1,0.0000,0.9107,0.6740,0.1456,2.045,9,0,2,1,0.0000,1,0.0000
52,0.18,0.4,150,4,0.2,0.0000,1.0000,0.0000,0.000,0,0,0,1,0.0000,0.4049,0.9868,0.0000,0.000,0,0,4,1,0.0000,0.4162,0.9944,0.0000,0.000,0,0,4,1,0.0000,0.6400,0.9554,0.0156,0.028,2,2,2,1,0.0000,0.8773,0.6048,0.1490,1.835,9,0,2,0,0.0010,0,0.0010
53,0.18,0.4,150,4,0.3,0.0000,1.0000,0.0000,0.000,0,0,0,1,0.0000,0.4049,0.9868,0.0000,0.000,0,0,4,1,0.0000,0.4162,0.9944,0.0000,0.000,0,0,4,1,0.0000,0.6400,0.9554,0.0156,0.028,2,2,2,1,0.0000,0.8773,0.6048,0.1490,1.835,9,0,2,0,0.0010,0,0.0010
54,0.18,0.4,150,6,0.2,0.0000,1.0000,0.0000,0.000,0,0,0,1,0.0000,0.4049,0.9868,0.0000,0.000,0,0,4,1,0.0000,0.4162,0.9944,0.0000,0.000,0,0,4,1,0.0000,0.6400,0.9554,0.0156,0.028,2,2,2,1,0.0000,0.9203,0.6032,0.1558,2.853,9,0,2,0,0.0003,0,0.0003
55,0.18,0.4,150,6,0.3,0.0000,1.0000,0.0000,0.000,0,0,0,1,0.0000,0.4049,0.9868,0.0000,0.000,0,0,4,1,0.0000,0.4162,0.9944,0.0000,0.000,0,0,4,1,0.0000,0.6400,0.9554,0.0156,0.028,2,2,2,1,0.0000,0.9203,0.6032,0.1558,2.853,9,0,2,0,0.0003,0,0.0003
56,0.18,0.4,180,4,0.2,0.0000,1.0000,0.0000,0.000,0,0,0,1,0.0000,0.4049,0.9840,0.0000,0.000,0,0,4,0,0.0010,0.4163,0.9928,0.0000,0.000,0,0,4,1,0.0000,0.6527,0.9444,0.0215,0.031,2,2,2,1,0.0000,0.8855,0.5068,0.1731,2.301,9,0,2,1,0.0000,0,0.0010
57,0.18,0.4,180,4,0.3,0.0000,1.0000,0.0000,0.000,0,0,0,1,0.0000,0.4049,0.9840,0.0000,0.000,0,0,4,0,0.0010,0.4163,0.9928,0.0000,0.000,0,0,4,1,0.0000,0.6527,0.9444,0.0215,0.031,2,2,2,1,0.0000,0.8855,0.5068,0.1731,2.301,9,0,2,1,0.0000,0,0.0010
58,0.18,0.4,180,6,0.2,0.0000,1.0000,0.0000,0.000,0,0,0,1,0.0000,0.4049,0.9840,0.0000,0.000,0,0,4,0,0.0010,0.4163,0.9928,0.0000,0.000,0,0,4,1,0.0000,0.6527,0.9444,0.0215,0.031,2,2,2,1,0.0000,0.9264,0.5058,0.2510,3.415,9,0,2,0,0.0064,0,0.0074
59,0.18,0.4,180,6,0.3,0.0000,1.0000,0.0000,0.000,0,0,0,1,0.0000,0.4049,0.9840,0.0000,0.000,0,0,4,0,0.0010,0.4163,0.9928,0.0000,0.000,0,0,4,1,0.0000,0.6527,0.9444,0.0215,0.031,2,2,2,1,0.0000,0.9264,0.5058,0.2510,3.415,9,0,2,0,0.0064,0,0.0074
60,0.18,0.5,120,4,0.2,0.0000,1.0000,0.0000,0.000,0,0,0,1,0.0000,0.4048,0.9895,0.0000,0.000,0,0,4,1,0.0000,0.4159,0.9956,0.0000,0.000,0,0,4,1,0.0000,0.7047,0.9510,0.0241,0.051,2,2,2,1,0.0000,0.9182,0.5900,0.1974,2.241,9,0,2,1,0.0000,1,0.0000
61,0.18,0.5,120,4,0.3,0.0000,1.0000,0.0000,0.000,0,0,0,1,0.0000,0.4048,0.9895,0.0000,0.000,0,0,4,1,0.0000,0.4159,0.9956,0.0000,0.000,0,0,4,1,0.0000,0.7047,0.9510,0.0241,0.051,2,2,2,1,0.0000,0.9182,0.5900,0.1974,2.241,9,0,2,1,0.0000,1,0.0000
62,0.18,0.5,120,6,0.2,0.0000,1.0000,0.0000,0.000,0,0,0,1,0.0000,0.4048,0.9895,0.0000,0.000,0,0,4,1,0.0000,0.4159,0.9956,0.0000,0.000,0,0,4,1,0.0000,0.7047,0.9510,0.0241,0.051,2,2,2,1,0.0000,0.9512,0.5896,0.2053,3.388,9,0,2,0,0.0312,0,0.0312
63,0.18,0.5,120,6,0.3,0.0000,1.0000,0.0000,0.000,0,0,0,1,0.0000,0.4048,0.9895,0.0000,0.000,0,0,4,1,0.0000,0.4159,0.9956,0.0000,0.000,0,0,4,1,0.0000,0.7047,0.9510,0.0241,0.051,2,2,2,1,0.0000,0.9512,0.5896,0.2053,3.388,9,0,2,0,0.0312,0,0.0312
64,0.18,0.5,150,4,0.2,0.0000,1.0000,0.0000,0.000,0,0,0,1,0.0000,0.4049,0.9868,0.0000,0.000,0,0,4,1,0.0000,0.4162,0.9944,0.0000,0.000,0,0,4,1,0.0000,0.7212,0.9410,0.0331,0.066,2,2,2,1,0.0000,0.9274,0.3794,0.3146,3.049,9,0,2,0,0.0074,0,0.0074
65,0.18,0.5,150,4,0.3,0.0000,1.0000,0.0000,0.000,0,0,0,1,0.0000,0.4049,0.9868,0.0000,0.000,0,0,4,1,0.0000,0.4162,0.9944,0.0000,0.000,0,0,4,1,0.0000,0.7212,0.9410,0.0331,0.066,2,2,2,1,0.0000,0.9274,0.3794,0.3146,3.049,9,0,2,0,0.0074,0,0.0074
66,0.18,0.5,150,6,0.2,0.0000,1.0000,0.0000,0.000,0,0,0,1,0.0000,0.4049,0.9868,0.0000,0.000,0,0,4,1,0.0000,0.4162,0.9944,0.0000,0.000,0,0,4,1,0.0000,0.7212,0.9410,0.0331,0.066,2,2,2,1,0.0000,0.9576,0.3787,0.3199,4.268,9,0,2,0,0.0376,0,0.0376
67,0.18,0.5,150,6,0.3,0.0000,1.0000,0.0000,0.000,0,0,0,1,0.0000,0.4049,0.9868,0.0000,0.000,0,0,4,1,0.0000,0.4162,0.9944,0.0000,0.000,0,0,4,1,0.0000,0.7212,0.9410,0.0331,0.066,2,2,2,1,0.0000,0.9576,0.3787,0.3199,4.268,9,0,2,0,0.0376,0,0.0376
68,0.18,0.5,180,4,0.2,0.0000,1.0000,0.0000,0.000,0,0,0,1,0.0000,0.4049,0.9840,0.0000,0.000,0,0,4,0,0.0010,0.4163,0.9928,0.0000,0.000,0,0,4,1,0.0000,0.7334,0.9325,0.0424,0.083,2,2,2,1,0.0000,0.9334,0.3436,0.3533,3.692,9,0,2,0,0.0134,0,0.0144
69,0.18,0.5,180,4,0.3,0.0000,1.0000,0.0000,0.000,0,0,0,1,0.0000,0.4049,0.9840,0.0000,0.000,0,0,4,0,0.0010,0.4163,0.9928,0.0000,0.000,0,0,4,1,0.0000,0.7334,0.9325,0.0424,0.083,2,2,2,1,0.0000,0.9334,0.3436,0.3533,3.692,9,0,2,0,0.0134,0,0.0144
70,0.18,0.5,180,6,0.2,0.0000,1.0000,0.0000,0.000,0,0,0,1,0.0000,0.4049,0.9840,0.0000,0.000,0,0,4,0,0.0010,0.4163,0.9928,0.0000,0.000,0,0,4,1,0.0000,0.7334,0.9325,0.0424,0.083,2,2,2,1,0.0000,0.9617,0.3407,0.3832,5.054,9,0,2,0,0.0417,0,0.0427
71,0.18,0.5,180,6,0.3,0.0000,1.0000,0.0000,0.000,0,0,0,1,0.0000,0.4049,0.9840,0.0000,0.000,0,0,4,0,0.0010,0.4163,0.9928,0.0000,0.000,0,0,4,1,0.0000,0.7334,0.9325,0.0424,0.083,2,2,2,1,0.0000,0.9617,0.3407,0.3832,5.054,9,0,2,0,0.0417,0,0.0427
72,0.21,0.3,120,4,0.2,0.0000,1.0000,0.0000,0.000,0,0,0,1,0.0000,0.4048,0.9895,0.0000,0.000,0,0,4,1,0.0000,0.4659,0.9938,0.0000,0.000,0,0,4,1,0.0000,0.5524,0.9824,0.0030,0.007,2,2,2,1,0.0000,0.8266,0.7857,0.1077,0.637,9,0,2,0,0.0423,0,0.0423
73,0.21,0.3,120,4,0.3,0.0000,1.0000,0.0000,0.000,0,0,0,1,0.0000,0.4048,0.9895,0.0000,0.000,0,0,4,1,0.0000,0.4659,0.9938,0.0000,0.000,0,0,4,1,0.0000,0.5524,0.9824,0.0030,0.007,2,2,2,1,0.0000,0.8266,0.7857,0.1077,0.637,9,0,2,0,0.0423,0,0.0423
74,0.21,0.3,120,6,0.2,0.0000,1.0000,0.0000,0.000,0,0,0,1,0.0000,0.4048,0.9895,0.0000,0.000,0,0,4,1,0.0000,0.4659,0.9938,0.0000,0.000,0,0,4,1,0.0000,0.5524,0.9824,0.0030,0.007,2,2,2,1,0.0000,0.8792,0.7780,0.1409,1.425,9,0,2,0,0.0091,0,0.0091
75,0.21,0.3,120,6,0.3,0.0000,1.0000,0.0000,0.000,0,0,0,1,0.0000,0.4048,0.9895,0.0000,0.000,0,0,4,1,0.0000,0.4659,0.9938,0.0000,0.000,0,0,4,1,0.0000,0.5524,0.9824,0.0030,0.007,2,2,2,1,0.0000,0.8792,0.7780,0.1409,1.425,9,0,2,0,0.0091,0,0.0091
76,0.21,0.3,150,4,0.2,0.0000,1.0000,0.0000,0.000,0,0,0,1,0.0000,0.4049,0.9868,0.0000,0.000,0,0,4,1,0.0000,0.4662,0.9916,0.0000,0.000,0,0,4,1,0.0000,0.5675,0.9753,0.0054,0.010,2,2,2,1,0.0000,0.8406,0.6756,0.1174,1.253,9,0,2,0,0.0326,0,0.0326
77,0.21,0.3,150,4,0.3,0.0000,1.0000,0.0000,0.000,0,0,0,1,0.0000,0.4049,0.9868,0.0000,0.000,0,0,4,1,0.0000,0.4662,0.9916,0.0000,0.000,0,0,4,1,0.0000,0.5675,0.9753,0.0054,0.010,2,2,2,1,0.0000,0.8406,0.6756,0.1174,1.253,9,0,2,0,0.0326,0,0.0326
78,0.21,0.3,150,6,0.2,0.0000,1.0000,0.0000,0.000,0,0,0,1,0.0000,0.4049,0.9868,0.0000,0.000,0,0,4,1,0.0000,0.4662,0.9916,0.0000,0.000,0,0,4,1,0.0000,0.5675,0.9753,0.0054,0.010,2,2,2,1,0.0000,0.8906,0.6730,0.1476,2.103,9,0,2,1,0.0000,1,0.0000
79,0.21,0.3,150,6,0.3,0.0000,1.0000,0.0000,0.000,0,0,0,1,0.0000,0.4049,0.9868,0.0000,0.000,0,0,4,1,0.0000,0.4662,0.9916,0.0000,0.000,0,0,4,1,0.0000,0.5675,0.9753,0.0054,0.010,2,2,2,1,0.0000,0.8906,0.6730,0.1476,2.103,9,0,2,1,0.0000,1,0.0000
80,0.21,0.3,180,4,0.2,0.0000,1.0000,0.0000,0.000,0,0,0,1,0.0000,0.4049,0.9840,0.0000,0.000,0,0,4,0,0.0010,0.4664,0.9906,0.0000,0.000,0,0,4,1,0.0000,0.5790,0.9677,0.0080,0.013,2,2,2,1,0.0000,0.8498,0.6429,0.1489,1.686,9,0,2,0,0.0011,0,0.0021
81,0.21,0.3,180,4,0.3,0.0000,1.0000,0.0000,0.000,0,0,0,1,0.0000,0.4049,0.9840,0.0000,0.000,0,0,4,0,0.0010,0.4664,0.9906,0.0000,0.000,0,0,4,1,0.0000,0.5790,0.9677,0.0080,0.013,2,2,2,1,0.0000,0.8498,0.6429,0.1489,1.686,9,0,2,0,0.0011,0,0.0021
82,0.21,0.3,180,6,0.2,0.0000,1.0000,0.0000,0.000,0,0,0,1,0.0000,0.4049,0.9840,0.0000,0.000,0,0,4,0,0.0010,0.4664,0.9906,0.0000,0.000,0,0,4,1,0.0000,0.5790,0.9677,0.0080,0.013,2,2,2,1,0.0000,0.8981,0.6122,0.1559,2.624,9,0,2,1,0.0000,0,0.0010
83,0.21,0.3,180,6,0.3,0.0000,1.0000,0.0000,0.000,0,0,0,1,0.0000,0.4049,0.9840,0.0000,0.000,0,0,4,0,0.0010,0.4664,0.9906,0.0000,0.000,0,0,4,1,0.0000,0.5790,0.9677,0.0080,0.013,2,2,2,1,0.0000,0.8981,0.6122,0.1559,2.624,9,0,2,1,0.0000,0,0.0010
84,0.21,0.4,120,4,0.2,0.0000,1.0000,0.0000,0.000,0,0,0,1,0.0000,0.4048,0.9895,0.0000,0.000,0,0,4,1,0.0000,0.4659,0.9938,0.0000,0.000,0,0,4,1,0.0000,0.6231,0.9674,0.0108,0.022,2,2,2,1,0.0000,0.9033,0.6355,0.1789,1.879,9,0,2,1,0.0000,1,0.0000
85,0.21,0.4,120,4,0.3,0.0000,1.0000,0.0000,0.000,0,0,0,1,0.0000,0.4048,0.9895,0.0000,0.000,0,0,4,1,0.0000,0.4659,0.9938,0.0000,0.000,0,0,4,1,0.0000,0.6231,0.9674,0.0108,0.022,2,2,2,1,0.0000,0.9033,0.6355,0.1789,1.879,9,0,2,1,0.0000,1,0.0000
86,0.21,0.4,120,6,0.2,0.0000,1.0000,0.0000,0.000,0,0,0,1,0.0000,0.4048,0.9895,0.0000,0.000,0,0,4,1,0.0000,0.4659,0.9938,0.0000,0.000,0,0,4,1,0.0000,0.6231,0.9674,0.0108,0.022,2,2,2,1,0.0000,0.9403,0.6059,0.1848,2.949,9,0,2,0,0.0203,0,0.0203
87,0.21,0.4,120,6,0.3,0.0000,1.0000,0.0000,0.000,0,0,0,1,0.0000,0.4048,0.9895,0.0000,0.000,0,0,4,1,0.0000,0.4659,0.9938,0.0000,0.000,0,0,4,1,0.0000,0.6231,0.9674,0.0108,0.022,2,2,2,1,0.0000,0.9403,0.6059,0.1848,2.949,9,0,2,0,0.0203,0,0.0203
88,0.21,0.4,150,4,0.2,0.0000,1.0000,0.0000,0.000,0,0,0,1,0.0000,0.4049,0.9868,0.0000,0.000,0,0,4,1,0.0000,0.4662,0.9916,0.0000,0.000,0,0,4,1,0.0000,0.6400,0.9554,0.0156,0.028,2,2,2,1,0.0000,0.9135,0.5020,0.2102,2.609,9,0,2,1,0.0000,1,0.0000
89,0.21,0.4,150,4,0.3,0.0000,1.0000,0.0000,0.000,0,0,0,1,0.0000,0.4049,0.9868,0.0000,0.000,0,0,4,1,0.0000,0.4662,0.9916,0.0000,0.000,0,0,4,1,0.0000,0.6400,0.9554,0.0156,0.028,2,2,2,1,0.0000,0.9135,0.5020,0.2102,2.609,9,0,2,1,0.0000,1,0.0000
90,0.21,0.4,150,6,0.2,0.0000,1.0000,0.0000,0.000,0,0,0,1,0.0000,0.4049,0.9868,0.0000,0.000,0,0,4,1,0.0000,0.4662,0.9916,0.0000,0.000,0,0,4,1,0.0000,0.6400,0.9554,0.0156,0.028,2,2,2,1,0.0000,0.9477,0.5013,0.2975,3.799,9,0,2,0,0.0277,0,0.0277
91,0.21,0.4,150,6,0.3,0.0000,1.0000,0.0000,0.000,0,0,0,1,0.0000,0.4049,0.9868,0.0000,0.000,0,0,4,1,0.0000,0.4662,0.9916,0.0000,0.000,0,0,4,1,0.0000,0.6400,0.9554,0.0156,0.028,2,2,2,1,0.0000,0.9477,0.5013,0.2975,3.799,9,0,2,0,0.0277,0,0.0277
92,0.21,0.4,180,4,0.2,0.0000,1.0000,0.0000,0.000,0,0,0,1,0.0000,0.4049,0.9840,0.0000,0.000,0,0,4,0,0.0010,0.4664,0.9906,0.0000,0.000,0,0,4,1,0.0000,0.6527,0.9444,0.0215,0.031,2,2,2,1,0.0000,0.9202,0.3476,0.3195,3.184,9,0,2,0,0.0002,0,0.0012
93,0.21,0.4,180,4,0.3,0.0000,1.0000,0.0000,0.000,0,0,0,1,0.0000,0.4049,0.9840,0.0000,0.000,0,0,4,0,0.0010,0.4664,0.9906,0.0000,0.000,0,0,4,1,0.0000,0.6527,0.9444,0.0215,0.031,2,2,2,1,0.0000,0.9202,0.3476,0.3195,3.184,9,0,2,0,0.0002,0,0.0012
94,0.21,0.4,180,6,0.2,0.0000,1.0000,0.0000,0.000,0,0,0,1,0.0000,0.4049,0.9840,0.0000,0.000,0,0,4,0,0.0010,0.4664,0.9906,0.0000,0.000,0,0,4,1,0.0000,0.6527,0.9444,0.0215,0.031,2,2,2,1,0.0000,0.9524,0.3458,0.3254,4.414,9,0,2,0,0.0324,0,0.0334
95,0.21,0.4,180,6,0.3,0.0000,1.0000,0.0000,0.000,0,0,0,1,0.0000,0.4049,0.9840,0.0000,0.000,0,0,4,0,0.0010,0.4664,0.9906,0.0000,0.000,0,0,4,1,0.0000,0.6527,0.9444,0.0215,0.031,2,2,2,1,0.0000,0.9524,0.3458,0.3254,4.414,9,0,2,0,0.0324,0,0.0334
96,0.21,0.5,120,4,0.2,0.0000,1.0000,0.0000,0.000,0,0,0,1,0.0000,0.4048,0.9895,0.0000,0.000,0,0,4,1,0.0000,0.4659,0.9938,0.0000,0.000,0,0,4,1,0.0000,0.7047,0.9510,0.0241,0.051,2,2,2,1,0.0000,0.9461,0.4443,0.2448,3.251,9,0,2,0,0.0261,0,0.0261
97,0.21,0.5,120,4,0.3,0.0000,1.0000,0.0000,0.000,0,0,0,1,0.0000,0.4048,0.9895,0.0000,0.000,0,0,4,1,0.0000,0.4659,0.9938,0.0000,0.000,0,0,4,1,0.0000,0.7047,0.9510,0.0241,0.051,2,2,2,1,0.0000,0.9461,0.4443,0.2448,3.251,9,0,2,0,0.0261,0,0.0261
98,0.21,0.5,120,6,0.2,0.0000,1.0000,0.0000,0.000,0,0,0,1,0.0000,0.4048,0.9895,0.0000,0.000,0,0,4,1,0.0000,0.4659,0.9938,0.0000,0.000,0,0,4,1,0.0000,0.7047,0.9510,0.0241,0.051,2,2,2,1,0.0000,0.9705,0.4441,0.3228,4.462,9,0,2,0,0.0505,0,0.0505
99,0.21,0.5,120,6,0.3,0.0000,1.0000,0.0000,0.000,0,0,0,1,0.0000,0.4048,0.9895,0.0000,0.000,0,0,4,1,0.0000,0.4659,0.9938,0.0000,0.000,0,0,4,1,0.0000,0.7047,0.9510,0.0241,0.051,2,2,2,1,0.0000,0.9705,0.4441,0.3228,4.462,9,0,2,0,0.0505,0,0.0505
100,0.21,0.5,150,4,0.2,0.0000,1.0000,0.0000,0.000,0,0,0,1,0.0000,0.4049,0.9868,0.0000,0.000,0,0,4,1,0.0000,0.4662,0.9916,0.0000,0.000,0,0,4,1,0.0000,0.7212,0.9410,0.0331,0.066,2,2,2,1,0.0000,0.9531,0.3398,0.3905,4.259,9,0,2,0,0.0331,0,0.0331
101,0.21,0.5,150,4,0.3,0.0000,1.0000,0.0000,0.000,0,0,0,1,0.0000,0.4049,0.9868,0.0000,0.000,0,0,4,1,0.0000,0.4662,0.9916,0.0000,0.000,0,0,4,1,0.0000,0.7212,0.9410,0.0331,0.066,2,2,2,1,0.0000,0.9531,0.3398,0.3905,4.259,9,0,2,0,0.0331,0,0.0331
102,0.21,0.5,150,6,0.2,0.0000,1.0000,0.0000,0.000,0,0,0,1,0.0000,0.4049,0.9868,0.0000,0.000,0,0,4,1,0.0000,0.4662,0.9916,0.0000,0.000,0,0,4,1,0.0000,0.7212,0.9410,0.0331,0.066,2,2,2,1,0.0000,0.9750,0.3366,0.3912,5.596,9,0,2,0,0.0550,0,0.0550
103,0.21,0.5,150,6,0.3,0.0000,1.0000,0.0000,0.000,0,0,0,1,0.0000,0.4049,0.9868,0.0000,0.000,0,0,4,1,0.0000,0.4662,0.9916,0.0000,0.000,0,0,4,1,0.0000,0.7212,0.9410,0.0331,0.066,2,2,2,1,0.0000,0.9750,0.3366,0.3912,5.596,9,0,2,0,0.0550,0,0.0550
104,0.21,0.5,180,4,0.2,0.0000,1.0000,0.0000,0.000,0,0,0,1,0.0000,0.4049,0.9840,0.0000,0.000,0,0,4,0,0.0010,0.4664,0.9906,0.0000,0.000,0,0,4,1,0.0000,0.7334,0.9325,0.0424,0.083,2,2,2,1,0.0000,0.9576,0.3367,0.4856,5.148,9,0,2,0,0.0376,0,0.0386
105,0.21,0.5,180,4,0.3,0.0000,1.0000,0.0000,0.000,0,0,0,1,0.0000,0.4049,0.9840,0.0000,0.000,0,0,4,0,0.0010,0.4664,0.9906,0.0000,0.000,0,0,4,1,0.0000,0.7334,0.9325,0.0424,0.083,2,2,2,1,0.0000,0.9576,0.3367,0.4856,5.148,9,0,2,0,0.0376,0,0.0386
106,0.21,0.5,180,6,0.2,0.0000,1.0000,0.0000,0.000,0,0,0,1,0.0000,0.4049,0.9840,0.0000,0.000,0,0,4,0,0.0010,0.4664,0.9906,0.0000,0.000,0,0,4,1,0.0000,0.7334,0.9325,0.0424,0.083,2,2,2,1,0.0000,0.9778,0.3321,0.4864,6.882,9,0,2,0,0.0578,0,0.0587
107,0.21,0.5,180,6,0.3,0.0000,1.0000,0.0000,0.000,0,0,0,1,0.0000,0.4049,0.9840,0.0000,0.000,0,0,4,0,0.0010,0.4664,0.9906,0.0000,0.000,0,0,4,1,0.0000,0.7334,0.9325,0.0424,0.083,2,2,2,1,0.0000,0.9778,0.3321,0.4864,6.882,9,0,2,0,0.0578,0,0.0587
108,0.24,0.3,120,4,0.2,0.0000,1.0000,0.0000,0.000,0,0,0,1,0.0000,0.4048,0.9895,0.0000,0.000,0,0,4,1,0.0000,0.5117,0.9913,0.0025,0.000,0,0,4,1,0.0000,0.5524,0.9824,0.0030,0.007,2,2,2,1,0.0000,0.8650,0.7530,0.1425,1.179,9,0,2,0,0.0075,0,0.0075
109,0.24,0.3,120,4,0.3,0.0000,1.0000,0.0000,0.000,0,0,0,1,0.0000,0.4048,0.9895,0.0000,0.000,0,0,4,1,0.0000,0.5117,0.9913,0.0025,0.000,0,0,4,1,0.0000,0.5524,0.9824,0.0030,0.007,2,2,2,1,0.0000,0.8650,0.7530,0.1425,1.179,9,0,2,0,0.0075,0,0.0075
110,0.24,0.3,120,6,0.2,0.0000,1.0000,0.0000,0.000,0,0,0,1,0.0000,0.4048,0.9895,0.0000,0.000,0,0,4,1,0.0000,0.5117,0.9913,0.0025,0.000,0,0,4,1,0.0000,0.5524,0.9824,0.0030,0.007,2,2,2,1,0.0000,0.9107,0.6740,0.1456,2.045,9,0,2,1,0.0000,1,0.0000
111,0.24,0.3,120,6,0.3,0.0000,1.0000,0.0000,0.000,0,0,0,1,0.0000,0.4048,0.9895,0.0000,0.000,0,0,4,1,0.0000,0.5117,0.9913,0.0025,0.000,0,0,4,1,0.0000,0.5524,0.9824,0.0030,0.007,2,2,2,1,0.0000,0.9107,0.6740,0.1456,2.045,9,0,2,1,0.0000,1,0.0000
112,0.24,0.3,150,4,0.2,0.0000,1.0000,0.0000,0.000,0,0,0,1,0.0000,0.4049,0.9868,0.0000,0.000,0,0,4,1,0.0000,0.5120,0.9910,0.0031,0.001,0,0,4,1,0.0000,0.5675,0.9753,0.0054,0.010,2,2,2,1,0.0000,0.8773,0.6048,0.1490,1.835,9,0,2,0,0.0010,0,0.0010
113,0.24,0.3,150,4,0.3,0.0000,1.0000,0.0000,0.000,0,0,0,1,0.0000,0.4049,0.9868,0.0000,0.000,0,0,4,1,0.0000,0.5120,0.9910,0.0031,0.001,0,0,4,1,0.0000,0.5675,0.9753,0.0054,0.010,2,2,2,1,0.0000,0.8773,0.6048,0.1490,1.835,9,0,2,0,0.0010,0,0.0010
114,0.24,0.3,150,6,0.2,0.0000,1.0000,0.0000,0.000,0,0,0,1,0.0000,0.4049,0.9868,0.0000,0.000,0,0,4,1,0.0000,0.5120,0.9910,0.0031,0.001,0,0,4,1,0.0000,0.5675,0.9753,0.0054,0.010,2,2,2,1,0.0000,0.9203,0.6032,0.1558,2.853,9,0,2,0,0.0003,0,0.0003
115,0.24,0.3,150,6,0.3,0.0000,1.0000,0.0000,0.000,0,0,0,1,0.0000,0.4049,0.9868,0.0000,0.000,0,0,4,1,0.0000,0.5120,0.9910,0.0031,0.001,0,0,4,1,0.0000,0.5675,0.9753,0.0054,0.010,2,2,2,1,0.0000,0.9203,0.6032,0.1558,2.853,9,0,2,0,0.0003,0,0.0003
116,0.24,0.3,180,4,0.2,0.0000,1.0000,0.0000,0.000,0,0,0,1,0.0000,0.4049,0.9840,0.0000,0.000,0,0,4,0,0.0010,0.5122,0.9906,0.0038,0.001,0,0,4,1,0.0000,0.5790,0.9677,0.0080,0.013,2,2,2,1,0.0000,0.8855,0.5068,0.1731,2.301,9,0,2,1,0.0000,0,0.0010
117,0.24,0.3,180,4,0.3,0.0000,1.0000,0.0000,0.000,0,0,0,1,0.0000,0.4049,0.9840,0.0000,0.000,0,0,4,0,0.0010,0.5122,0.9906,0.0038,0.001,0,0,4,1,0.0000,0.5790,0.9677,0.0080,0.013,2,2,2,1,0.0000,0.8855,0.5068,0.1731,2.301,9,0,2,1,0.0000,0,0.0010
118,0.24,0.3,180,6,0.2,0.0000,1.0000,0.0000,0.000,0,0,0,1,0.0000,0.4049,0.9840,0.0000,0.000,0,0,4,0,0.0010,0.5122,0.9906,0.0038,0.001,0,0,4,1,0.0000,0.5790,0.9677,0.0080,0.013,2,2,2,1,0.0000,0.9264,0.5058,0.2510,3.415,9,0,2,0,0.0064,0,0.0074
119,0.24,0.3,180,6,0.3,0.0000,1.0000,0.0000,0.000,0,0,0,1,0.0000,0.4049,0.9840,0.0000,0.000,0,0,4,0,0.0010,0.5122,0.9906,0.0038,0.001,0,0,4,1,0.0000,0.5790,0.9677,0.0080,0.013,2,2,2,1,0.0000,0.9264,0.5058,0.2510,3.415,9,0,2,0,0.0064,0,0.0074
120,0.24,0.4,120,4,0.2,0.0000,1.0000,0.0000,0.000,0,0,0,1,0.0000,0.4048,0.9895,0.0000,0.000,0,0,4,1,0.0000,0.5117,0.9913,0.0025,0.000,0,0,4,1,0.0000,0.6231,0.9674,0.0108,0.022,2,2,2,1,0.0000,0.9308,0.5093,0.2189,2.614,9,0,2,0,0.0108,0,0.0108
121,0.24,0.4,120,4,0.3,0.0000,1.0000,0.0000,0.000,0,0,0,1,0.0000,0.4048,0.9895,0.0000,0.000,0,0,4,1,0.0000,0.5117,0.9913,0.0025,0.000,0,0,4,1,0.0000,0.6231,0.9674,0.0108,0.022,2,2,2,1,0.0000,0.9308,0.5093,0.2189,2.614,9,0,2,0,0.0108,0,0.0108
122,0.24,0.4,120,6,0.2,0.0000,1.0000,0.0000,0.000,0,0,0,1,0.0000,0.4048,0.9895,0.0000,0.000,0,0,4,1,0.0000,0.5117,0.9913,0.0025,0.000,0,0,4,1,0.0000,0.6231,0.9674,0.0108,0.022,2,2,2,1,0.0000,0.9601,0.5089,0.3025,3.819,9,0,2,0,0.0401,0,0.0401
123,0.24,0.4,120,6,0.3,0.0000,1.0000,0.0000,0.000,0,0,0,1,0.0000,0.4048,0.9895,0.0000,0.000,0,0,4,1,0.0000,0.5117,0.9913,0.0025,0.000,0,0,4,1,0.0000,0.6231,0.9674,0.0108,0.022,2,2,2,1,0.0000,0.9601,0.5089,0.3025,3.819,9,0,2,0,0.0401,0,0.0401
124,0.24,0.4,150,4,0.2,0.0000,1.0000,0.0000,0.000,0,0,0,1,0.0000,0.4049,0.9868,0.0000,0.000,0,0,4,1,0.0000,0.5120,0.9910,0.0031,0.001,0,0,4,1,0.0000,0.6400,0.9554,0.0156,0.028,2,2,2,1,0.0000,0.9391,0.3459,0.3376,3.523,9,0,2,0,0.0191,0,0.0191
125,0.24,0.4,150,4,0.3,0.0000,1.0000,0.0000,0.000,0,0,0,1,0.0000,0.4049,0.9868,0.0000,0.000,0,0,4,1,0.0000,0.5120,0.9910,0.0031,0.001,0,0,4,1,0.0000,0.6400,0.9554,0.0156,0.028,2,2,2,1,0.0000,0.9391,0.3459,0.3376,3.523,9,0,2,0,0.0191,0,0.0191
126,0.24,0.4,150,6,0.2,0.0000,1.0000,0.0000,0.000,0,0,0,1,0.0000,0.4049,0.9868,0.0000,0.000,0,0,4,1,0.0000,0.5120,0.9910,0.0031,0.001,0,0,4,1,0.0000,0.6400,0.9554,0.0156,0.028,2,2,2,1,0.0000,0.9657,0.3441,0.3404,4.745,9,0,2,0,0.0457,0,0.0457
127,0.24,0.4,150,6,0.3,0.0000,1.0000,0.0000,0.000,0,0,0,1,0.0000,0.4049,0.9868,0.0000,0.000,0,0,4,1,0.0000,0.5120,0.9910,0.0031,0.001,0,0,4,1,0.0000,0.6400,0.9554,0.0156,0.028,2,2,2,1,0.0000,0.9657,0.3441,0.3404,4.745,9,0,2,0,0.0457,0,0.0457
128,0.24,0.4,180,4,0.2,0.0000,1.0000,0.0000,0.000,0,0,0,1,0.0000,0.4049,0.9840,0.0000,0.000,0,0,4,0,0.0010,0.5122,0.9906,0.0038,0.001,0,0,4,1,0.0000,0.6527,0.9444,0.0215,0.031,2,2,2,1,0.0000,0.9444,0.3420,0.4674,4.226,9,0,2,0,0.0244,0,0.0254
129,0.24,0.4,180,4,0.3,0.0000,1.0000,0.0000,0.000,0,0,0,1,0.0000,0.4049,0.9840,0.0000,0.000,0,0,4,0,0.0010,0.5122,0.9906,0.0038,0.001,0,0,4,1,0.0000,0.6527,0.9444,0.0215,0.031,2,2,2,1,0.0000,0.9444,0.3420,0.4674,4.226,9,0,2,0,0.0244,0,0.0254
130,0.24,0.4,180,6,0.2,0.0000,1.0000,0.0000,0.000,0,0,0,1,0.0000,0.4049,0.9840,0.0000,0.000,0,0,4,0,0.0010,0.5122,0.9906,0.0038,0.001,0,0,4,1,0.0000,0.6527,0.9444,0.0215,0.031,2,2,2,1,0.0000,0.9692,0.3375,0.4684,5.787,9,0,2,0,0.0492,0,0.0502
131,0.24,0.4,180,6,0.3,0.0000,1.0000,0.0000,0.000,0,0,0,1,0.0000,0.4049,0.9840,0.0000,0.000,0,0,4,0,0.0010,0.5122,0.9906,0.0038,0.001,0,0,4,1,0.0000,0.6527,0.9444,0.0215,0.031,2,2,2,1,0.0000,0.9692,0.3375,0.4684,5.787,9,0,2,0,0.0492,0,0.0502
132,0.24,0.5,120,4,0.2,0.0000,1.0000,0.0000,0.000,0,0,0,1,0.0000,0.4048,0.9895,0.0000,0.000,0,0,4,1,0.0000,0.5117,0.9913,0.0025,0.000,0,0,4,1,0.0000,0.7047,0.9510,0.0241,0.051,2,2,2,1,0.0000,0.9645,0.3406,0.3520,4.348,9,0,2,0,0.0445,0,0.0445
133,0.24,0.5,120,4,0.3,0.0000,1.0000,0.0000,0.000,0,0,0,1,0.0000,0.4048,0.9895,0.0000,0.000,0,0,4,1,0.0000,0.5117,0.9913,0.0025,0.000,0,0,4,1,0.0000,0.7047,0.9510,0.0241,0.051,2,2,2,1,0.0000,0.9645,0.3406,0.3520,4.348,9,0,2,0,0.0445,0,0.0445
134,0.24,0.5,120,6,0.2,0.0000,1.0000,0.0000,0.000,0,0,0,1,0.0000,0.4048,0.9895,0.0000,0.000,0,0,4,1,0.0000,0.5117,0.9913,0.0025,0.000,0,0,4,1,0.0000,0.7047,0.9510,0.0241,0.051,2,2,2,1,0.0000,0.9822,0.3384,0.3816,5.544,9,0,2,0,0.0622,0,0.0622
135,0.24,0.5,120,6,0.3,0.0000,1.0000,0.0000,0.000,0,0,0,1,0.0000,0.4048,0.9895,0.0000,0.000,0,0,4,1,0.0000,0.5117,0.9913,0.0025,0.000,0,0,4,1,0.0000,0.7047,0.9510,0.0241,0.051,2,2,2,1,0.0000,0.9822,0.3384,0.3816,5.544,9,0,2,0,0.0622,0,0.0622
136,0.24,0.5,150,4,0.2,0.0000,1.0000,0.0000,0.000,0,0,0,1,0.0000,0.4049,0.9868,0.0000,0.000,0,0,4,1,0.0000,0.5120,0.9910,0.0031,0.001,0,0,4,1,0.0000,0.7212,0.9410,0.0331,0.066,2,2,2,1,0.0000,0.9697,0.3353,0.4855,5.534,9,0,2,0,0.0497,0,0.0497
137,0.24,0.5,150,4,0.3,0.0000,1.0000,0.0000,0.000,0,0,0,1,0.0000,0.4049,0.9868,0.0000,0.000,0,0,4,1,0.0000,0.5120,0.9910,0.0031,0.001,0,0,4,1,0.0000,0.7212,0.9410,0.0331,0.066,2,2,2,1,0.0000,0.9697,0.3353,0.4855,5.534,9,0,2,0,0.0497,0,0.0497
138,0.24,0.5,150,6,0.2,0.0000,1.0000,0.0000,0.000,0,0,0,1,0.0000,0.4049,0.9868,0.0000,0.000,0,0,4,1,0.0000,0.5120,0.9910,0.0031,0.001,0,0,4,1,0.0000,0.7212,0.9410,0.0331,0.066,2,2,2,1,0.0000,0.9852,0.3314,0.4892,7.236,9,0,2,0,0.0652,0,0.0652
139,0.24,0.5,150,6,0.3,0.0000,1.0000,0.0000,0.000,0,0,0,1,0.0000,0.4049,0.9868,0.0000,0.000,0,0,4,1,0.0000,0.5120,0.9910,0.0031,0.001,0,0,4,1,0.0000,0.7212,0.9410,0.0331,0.066,2,2,2,1,0.0000,0.9852,0.3314,0.4892,7.236,9,0,2,0,0.0652,0,0.0652
140,0.24,0.5,180,4,0.2,0.0000,1.0000,0.0000,0.000,0,0,0,1,0.0000,0.4049,0.9840,0.0000,0.000,0,0,4,0,0.0010,0.5122,0.9906,0.0038,0.001,0,0,4,1,0.0000,0.7334,0.9325,0.0424,0.083,2,2,2,1,0.0000,0.9730,0.3316,0.6428,6.966,9,0,2,0,0.0530,0,0.0540
141,0.24,0.5,180,4,0.3,0.0000,1.0000,0.0000,0.000,0,0,0,1,0.0000,0.4049,0.9840,0.0000,0.000,0,0,4,0,0.0010,0.5122,0.9906,0.0038,0.001,0,0,4,1,0.0000,0.7334,0.9325,0.0424,0.083,2,2,2,1,0.0000,0.9730,0.3316,0.6428,6.966,9,0,2,0,0.0530,0,0.0540
142,0.24,0.5,180,6,0.2,0.0000,1.0000,0.0000,0.000,0,0,0,1,0.0000,0.4049,0.9840,0.0000,0.000,0,0,4,0,0.0010,0.5122,0.9906,0.0038,0.001,0,0,4,1,0.0000,0.7334,0.9325,0.0424,0.083,2,2,2,1,0.0000,0.9871,0.3276,0.6479,8.675,9,0,2,0,0.0671,0,0.0681
143,0.24,0.5,180,6,0.3,0.0000,1.0000,0.0000,0.000,0,0,0,1,0.0000,0.4049,0.9840,0.0000,0.000,0,0,4,0,0.0010,0.5122,0.9906,0.0038,0.001,0,0,4,1,0.0000,0.7334,0.9325,0.0424,0.083,2,2,2,1,0.0000,0.9871,0.3276,0.6479,8.675,9,0,2,0,0.0671,0,0.0681
